channel_index,energy_keV,counts
0,0.0,0
1,0.01,0
2,0.02,0
3,0.03,0
4,0.04,0
5,0.05,0
6,0.06,0
7,0.07,0
8,0.08,0
9,0.09,0
10,0.1,0
11,0.11,0
12,0.12,1
13,0.13,1
14,0.14,7
15,0.15,9
16,0.16,13
17,0.17,27
18,0.18,43
19,0.19,70
20,0.2,129
21,0.21,185
22,0.22,371
23,0.23,593
24,0.24,862
25,0.25,1116
26,0.26,1371
27,0.27,1392
28,0.28,1279
29,0.29,1029
30,0.3,720
31,0.31,431
32,0.32,205
33,0.33,81
34,0.34,49
35,0.35000000000000003,16
36,0.36,19
37,0.37,16
38,0.38,17
39,0.39,13
40,0.4,22
41,0.41000000000000003,17
42,0.42,16
43,0.43,23
44,0.44,13
45,0.45,34
46,0.46,40
47,0.47000000000000003,33
48,0.48,62
49,0.49,99
50,0.5,126
51,0.51,125
52,0.52,141
53,0.53,139
54,0.54,97
55,0.55,75
56,0.56,47
57,0.5700000000000001,55
58,0.58,42
59,0.59,29
60,0.6,40
61,0.61,22
62,0.62,27
63,0.63,24
64,0.64,18
65,0.65,19
66,0.66,21
67,0.67,11
68,0.68,16
69,0.6900000000000001,21
70,0.7000000000000001,12
71,0.71,15
72,0.72,13
73,0.73,9
74,0.74,14
75,0.75,23
76,0.76,30
77,0.77,23
78,0.78,24
79,0.79,29
80,0.8,26
81,0.81,24
82,0.8200000000000001,17
83,0.8300000000000001,19
84,0.84,23
85,0.85,24
86,0.86,16
87,0.87,17
88,0.88,19
89,0.89,25
90,0.9,21
91,0.91,25
92,0.92,30
93,0.93,33
94,0.9400000000000001,37
95,0.9500000000000001,29
96,0.96,37
97,0.97,37
98,0.98,33
99,0.99,31
100,1.0,35
101,1.01,36
102,1.02,45
103,1.03,40
104,1.04,39
105,1.05,32
106,1.06,45
107,1.07,39
108,1.08,36
109,1.09,35
110,1.1,37
111,1.11,39
112,1.12,38
113,1.1300000000000001,36
114,1.1400000000000001,45
115,1.1500000000000001,35
116,1.16,49
117,1.17,38
118,1.18,40
119,1.19,30
120,1.2,35
121,1.21,40
122,1.22,36
123,1.23,57
124,1.24,35
125,1.25,41
126,1.26,46
127,1.27,47
128,1.28,49
129,1.29,44
130,1.3,33
131,1.31,49
132,1.32,45
133,1.33,54
134,1.34,46
135,1.35,52
136,1.36,53
137,1.37,48
138,1.3800000000000001,47
139,1.3900000000000001,52
140,1.4000000000000001,51
141,1.41,54
142,1.42,43
143,1.43,52
144,1.44,46
145,1.45,59
146,1.46,55
147,1.47,62
148,1.48,49
149,1.49,49
150,1.5,67
151,1.51,61
152,1.52,67
153,1.53,67
154,1.54,66
155,1.55,54
156,1.56,54
157,1.57,66
158,1.58,61
159,1.59,65
160,1.6,68
161,1.61,59
162,1.62,66
163,1.6300000000000001,74
164,1.6400000000000001,57
165,1.6500000000000001,61
166,1.6600000000000001,79
167,1.67,58
168,1.68,46
169,1.69,53
170,1.7,63
171,1.71,70
172,1.72,76
173,1.73,75
174,1.74,57
175,1.75,74
176,1.76,73
177,1.77,77
178,1.78,63
179,1.79,82
180,1.8,66
181,1.81,66
182,1.82,70
183,1.83,60
184,1.84,60
185,1.85,68
186,1.86,61
187,1.87,58
188,1.8800000000000001,52
189,1.8900000000000001,72
190,1.9000000000000001,56
191,1.9100000000000001,52
192,1.92,57
193,1.93,72
194,1.94,53
195,1.95,63
196,1.96,65
197,1.97,66
198,1.98,75
199,1.99,70
200,2.0,68
201,2.0100000000000002,76
202,2.02,45
203,2.0300000000000002,58
204,2.04,84
205,2.05,52
206,2.06,73
207,2.07,65
208,2.08,74
209,2.09,54
210,2.1,52
211,2.11,54
212,2.12,70
213,2.13,64
214,2.14,68
215,2.15,63
216,2.16,72
217,2.17,73
218,2.18,69
219,2.19,67
220,2.2,60
221,2.21,71
222,2.22,81
223,2.23,76
224,2.24,82
225,2.25,97
226,2.2600000000000002,83
227,2.27,106
228,2.2800000000000002,121
229,2.29,142
230,2.3000000000000003,135
231,2.31,150
232,2.32,149
233,2.33,160
234,2.34,183
235,2.35,159
236,2.36,144
237,2.37,144
238,2.38,144
239,2.39,138
240,2.4,137
241,2.41,130
242,2.42,112
243,2.43,121
244,2.44,121
245,2.45,103
246,2.46,115
247,2.47,129
248,2.48,118
249,2.49,96
250,2.5,87
251,2.5100000000000002,68
252,2.52,70
253,2.5300000000000002,86
254,2.54,60
255,2.5500000000000003,74
256,2.56,97
257,2.57,67
258,2.58,67
259,2.59,68
260,2.6,84
261,2.61,81
262,2.62,80
263,2.63,97
264,2.64,75
265,2.65,80
266,2.66,80
267,2.67,77
268,2.68,64
269,2.69,82
270,2.7,69
271,2.71,76
272,2.72,66
273,2.73,67
274,2.74,84
275,2.75,56
276,2.7600000000000002,72
277,2.77,79
278,2.7800000000000002,64
279,2.79,78
280,2.8000000000000003,79
281,2.81,88
282,2.82,67
283,2.83,59
284,2.84,55
285,2.85,73
286,2.86,53
287,2.87,69
288,2.88,49
289,2.89,55
290,2.9,46
291,2.91,80
292,2.92,57
293,2.93,68
294,2.94,50
295,2.95,80
296,2.96,57
297,2.97,71
298,2.98,54
299,2.99,54
300,3.0,65
301,3.0100000000000002,59
302,3.02,58
303,3.0300000000000002,61
304,3.04,61
305,3.0500000000000003,57
306,3.06,70
307,3.0700000000000003,64
308,3.08,69
309,3.09,62
310,3.1,63
311,3.11,65
312,3.12,62
313,3.13,57
314,3.14,66
315,3.15,61
316,3.16,47
317,3.17,51
318,3.18,73
319,3.19,59
320,3.2,62
321,3.21,54
322,3.22,56
323,3.23,60
324,3.24,49
325,3.25,68
326,3.2600000000000002,67
327,3.27,63
328,3.2800000000000002,61
329,3.29,45
330,3.3000000000000003,61
331,3.31,58
332,3.3200000000000003,77
333,3.33,65
334,3.34,50
335,3.35,69
336,3.36,56
337,3.37,70
338,3.38,64
339,3.39,69
340,3.4,56
341,3.41,60
342,3.42,59
343,3.43,64
344,3.44,48
345,3.45,60
346,3.46,64
347,3.47,67
348,3.48,43
349,3.49,59
350,3.5,60
351,3.5100000000000002,55
352,3.52,56
353,3.5300000000000002,46
354,3.54,63
355,3.5500000000000003,52
356,3.56,54
357,3.5700000000000003,59
358,3.58,56
359,3.59,59
360,3.6,59
361,3.61,53
362,3.62,61
363,3.63,50
364,3.64,54
365,3.65,49
366,3.66,60
367,3.67,72
368,3.68,76
369,3.69,55
370,3.7,67
371,3.71,57
372,3.72,60
373,3.73,50
374,3.74,48
375,3.75,45
376,3.7600000000000002,56
377,3.77,55
378,3.7800000000000002,62
379,3.79,47
380,3.8000000000000003,54
381,3.81,57
382,3.8200000000000003,43
383,3.83,57
384,3.84,46
385,3.85,50
386,3.86,63
387,3.87,73
388,3.88,48
389,3.89,79
390,3.9,73
391,3.91,66
392,3.92,65
393,3.93,83
394,3.94,69
395,3.95,89
396,3.96,81
397,3.97,69
398,3.98,67
399,3.99,87
400,4.0,77
401,4.01,78
402,4.0200000000000005,56
403,4.03,63
404,4.04,65
405,4.05,48
406,4.0600000000000005,51
407,4.07,57
408,4.08,52
409,4.09,57
410,4.1,60
411,4.11,39
412,4.12,46
413,4.13,36
414,4.14,46
415,4.15,46
416,4.16,49
417,4.17,60
418,4.18,58
419,4.19,43
420,4.2,47
421,4.21,54
422,4.22,43
423,4.23,53
424,4.24,46
425,4.25,64
426,4.26,48
427,4.2700000000000005,64
428,4.28,50
429,4.29,49
430,4.3,65
431,4.3100000000000005,52
432,4.32,69
433,4.33,78
434,4.34,109
435,4.3500000000000005,86
436,4.36,114
437,4.37,181
438,4.38,233
439,4.39,291
440,4.4,396
441,4.41,480
442,4.42,602
443,4.43,760
444,4.44,843
445,4.45,976
446,4.46,1081
447,4.47,1235
448,4.48,1273
449,4.49,1317
450,4.5,1224
451,4.51,1228
452,4.5200000000000005,1081
453,4.53,973
454,4.54,877
455,4.55,704
456,4.5600000000000005,598
457,4.57,488
458,4.58,369
459,4.59,308
460,4.6000000000000005,209
461,4.61,159
462,4.62,126
463,4.63,115
464,4.64,71
465,4.65,68
466,4.66,70
467,4.67,50
468,4.68,55
469,4.69,65
470,4.7,63
471,4.71,62
472,4.72,83
473,4.73,103
474,4.74,106
475,4.75,153
476,4.76,176
477,4.7700000000000005,202
478,4.78,267
479,4.79,264
480,4.8,317
481,4.8100000000000005,338
482,4.82,363
483,4.83,340
484,4.84,348
485,4.8500000000000005,394
486,4.86,353
487,4.87,349
488,4.88,343
489,4.89,311
490,4.9,301
491,4.91,267
492,4.92,249
493,4.93,250
494,4.94,244
495,4.95,213
496,4.96,179
497,4.97,168
498,4.98,160
499,4.99,127
500,5.0,112
501,5.01,99
502,5.0200000000000005,87
503,5.03,65
504,5.04,65
505,5.05,61
506,5.0600000000000005,68
507,5.07,66
508,5.08,74
509,5.09,75
510,5.1000000000000005,92
511,5.11,107
512,5.12,99
513,5.13,125
514,5.14,119
515,5.15,125
516,5.16,141
517,5.17,122
518,5.18,139
519,5.19,127
520,5.2,125
521,5.21,101
522,5.22,103
523,5.23,80
524,5.24,70
525,5.25,60
526,5.26,57
527,5.2700000000000005,48
528,5.28,44
529,5.29,35
530,5.3,48
531,5.3100000000000005,34
532,5.32,32
533,5.33,30
534,5.34,40
535,5.3500000000000005,34
536,5.36,32
537,5.37,33
538,5.38,46
539,5.39,27
540,5.4,46
541,5.41,33
542,5.42,32
543,5.43,39
544,5.44,37
545,5.45,42
546,5.46,59
547,5.47,58
548,5.48,60
549,5.49,55
550,5.5,74
551,5.51,65
552,5.5200000000000005,61
553,5.53,64
554,5.54,78
555,5.55,67
556,5.5600000000000005,81
557,5.57,75
558,5.58,65
559,5.59,51
560,5.6000000000000005,45
561,5.61,40
562,5.62,38
563,5.63,32
564,5.64,41
565,5.65,34
566,5.66,33
567,5.67,34
568,5.68,29
569,5.69,32
570,5.7,29
571,5.71,42
572,5.72,36
573,5.73,30
574,5.74,41
575,5.75,31
576,5.76,44
577,5.7700000000000005,51
578,5.78,46
579,5.79,41
580,5.8,50
581,5.8100000000000005,44
582,5.82,44
583,5.83,40
584,5.84,46
585,5.8500000000000005,38
586,5.86,40
587,5.87,41
588,5.88,30
589,5.89,31
590,5.9,23
591,5.91,35
592,5.92,28
593,5.93,25
594,5.94,27
595,5.95,24
596,5.96,29
597,5.97,24
598,5.98,29
599,5.99,26
600,6.0,21
601,6.01,26
602,6.0200000000000005,24
603,6.03,34
604,6.04,20
605,6.05,28
606,6.0600000000000005,28
607,6.07,31
608,6.08,26
609,6.09,25
610,6.1000000000000005,33
611,6.11,28
612,6.12,21
613,6.13,21
614,6.140000000000001,23
615,6.15,23
616,6.16,20
617,6.17,39
618,6.18,28
619,6.19,28
620,6.2,22
621,6.21,29
622,6.22,30
623,6.23,26
624,6.24,26
625,6.25,29
626,6.26,21
627,6.2700000000000005,30
628,6.28,25
629,6.29,21
630,6.3,22
631,6.3100000000000005,22
632,6.32,29
633,6.33,25
634,6.34,24
635,6.3500000000000005,18
636,6.36,20
637,6.37,31
638,6.38,23
639,6.390000000000001,19
640,6.4,19
641,6.41,26
642,6.42,19
643,6.43,21
644,6.44,28
645,6.45,21
646,6.46,17
647,6.47,18
648,6.48,19
649,6.49,27
650,6.5,30
651,6.51,22
652,6.5200000000000005,22
653,6.53,23
654,6.54,16
655,6.55,20
656,6.5600000000000005,28
657,6.57,20
658,6.58,20
659,6.59,21
660,6.6000000000000005,22
661,6.61,29
662,6.62,25
663,6.63,22
664,6.640000000000001,18
665,6.65,21
666,6.66,20
667,6.67,25
668,6.68,25
669,6.69,20
670,6.7,23
671,6.71,19
672,6.72,26
673,6.73,21
674,6.74,26
675,6.75,21
676,6.76,21
677,6.7700000000000005,34
678,6.78,21
679,6.79,25
680,6.8,29
681,6.8100000000000005,19
682,6.82,16
683,6.83,29
684,6.84,21
685,6.8500000000000005,21
686,6.86,24
687,6.87,19
688,6.88,25
689,6.890000000000001,20
690,6.9,24
691,6.91,28
692,6.92,28
693,6.93,20
694,6.94,26
695,6.95,24
696,6.96,32
697,6.97,25
698,6.98,28
699,6.99,18
700,7.0,18
701,7.01,19
702,7.0200000000000005,19
703,7.03,21
704,7.04,27
705,7.05,12
706,7.0600000000000005,21
707,7.07,24
708,7.08,28
709,7.09,17
710,7.1000000000000005,23
711,7.11,23
712,7.12,15
713,7.13,19
714,7.140000000000001,33
715,7.15,25
716,7.16,24
717,7.17,17
718,7.18,26
719,7.19,17
720,7.2,25
721,7.21,22
722,7.22,17
723,7.23,21
724,7.24,26
725,7.25,18
726,7.26,21
727,7.2700000000000005,25
728,7.28,24
729,7.29,13
730,7.3,17
731,7.3100000000000005,15
732,7.32,15
733,7.33,21
734,7.34,16
735,7.3500000000000005,20
736,7.36,27
737,7.37,18
738,7.38,28
739,7.390000000000001,21
740,7.4,15
741,7.41,21
742,7.42,17
743,7.43,27
744,7.44,20
745,7.45,13
746,7.46,25
747,7.47,22
748,7.48,19
749,7.49,22
750,7.5,18
751,7.51,21
752,7.5200000000000005,14
753,7.53,18
754,7.54,27
755,7.55,19
756,7.5600000000000005,27
757,7.57,18
758,7.58,16
759,7.59,29
760,7.6000000000000005,17
761,7.61,17
762,7.62,22
763,7.63,15
764,7.640000000000001,18
765,7.65,18
766,7.66,14
767,7.67,11
768,7.68,10
769,7.69,24
770,7.7,18
771,7.71,19
772,7.72,14
773,7.73,14
774,7.74,17
775,7.75,26
776,7.76,19
777,7.7700000000000005,26
778,7.78,17
779,7.79,20
780,7.8,12
781,7.8100000000000005,7
782,7.82,31
783,7.83,16
784,7.84,18
785,7.8500000000000005,21
786,7.86,13
787,7.87,15
788,7.88,16
789,7.890000000000001,18
790,7.9,22
791,7.91,18
792,7.92,28
793,7.930000000000001,11
794,7.94,25
795,7.95,17
796,7.96,18
797,7.97,19
798,7.98,21
799,7.99,19
800,8.0,19
801,8.01,23
802,8.02,13
803,8.03,24
804,8.040000000000001,20
805,8.05,21
806,8.06,9
807,8.07,19
808,8.08,16
809,8.09,19
810,8.1,8
811,8.11,13
812,8.120000000000001,22
813,8.13,17
814,8.14,13
815,8.15,17
816,8.16,12
817,8.17,24
818,8.18,19
819,8.19,12
820,8.2,14
821,8.21,25
822,8.22,19
823,8.23,22
824,8.24,24
825,8.25,24
826,8.26,15
827,8.27,12
828,8.28,19
829,8.290000000000001,19
830,8.3,21
831,8.31,18
832,8.32,16
833,8.33,16
834,8.34,20
835,8.35,13
836,8.36,20
837,8.370000000000001,23
838,8.38,14
839,8.39,18
840,8.4,14
841,8.41,18
842,8.42,19
843,8.43,12
844,8.44,16
845,8.45,24
846,8.46,11
847,8.47,7
848,8.48,15
849,8.49,12
850,8.5,17
851,8.51,15
852,8.52,15
853,8.53,17
854,8.540000000000001,12
855,8.55,17
856,8.56,13
857,8.57,17
858,8.58,19
859,8.59,14
860,8.6,17
861,8.61,15
862,8.620000000000001,17
863,8.63,14
864,8.64,11
865,8.65,10
866,8.66,11
867,8.67,21
868,8.68,9
869,8.69,16
870,8.700000000000001,9
871,8.71,19
872,8.72,15
873,8.73,16
874,8.74,14
875,8.75,13
876,8.76,20
877,8.77,21
878,8.78,21
879,8.790000000000001,17
880,8.8,17
881,8.81,15
882,8.82,16
883,8.83,14
884,8.84,6
885,8.85,14
886,8.86,14
887,8.870000000000001,18
888,8.88,11
889,8.89,15
890,8.9,14
891,8.91,11
892,8.92,10
893,8.93,14
894,8.94,18
895,8.950000000000001,4
896,8.96,15
897,8.97,18
898,8.98,19
899,8.99,17
900,9.0,16
901,9.01,18
902,9.02,13
903,9.03,14
904,9.040000000000001,14
905,9.05,19
906,9.06,20
907,9.07,10
908,9.08,19
909,9.09,17
910,9.1,19
911,9.11,12
912,9.120000000000001,18
913,9.13,10
914,9.14,12
915,9.15,14
916,9.16,10
917,9.17,12
918,9.18,14
919,9.19,22
920,9.200000000000001,14
921,9.21,11
922,9.22,12
923,9.23,13
924,9.24,21
925,9.25,16
926,9.26,9
927,9.27,13
928,9.28,10
929,9.290000000000001,15
930,9.3,15
931,9.31,12
932,9.32,11
933,9.33,11
934,9.34,14
935,9.35,13
936,9.36,14
937,9.370000000000001,21
938,9.38,17
939,9.39,11
940,9.4,13
941,9.41,16
942,9.42,18
943,9.43,14
944,9.44,16
945,9.450000000000001,12
946,9.46,11
947,9.47,12
948,9.48,13
949,9.49,10
950,9.5,16
951,9.51,10
952,9.52,13
953,9.53,13
954,9.540000000000001,10
955,9.55,14
956,9.56,16
957,9.57,14
958,9.58,12
959,9.59,17
960,9.6,12
961,9.61,3
962,9.620000000000001,17
963,9.63,18
964,9.64,15
965,9.65,10
966,9.66,16
967,9.67,11
968,9.68,13
969,9.69,7
970,9.700000000000001,8
971,9.71,13
972,9.72,11
973,9.73,17
974,9.74,13
975,9.75,12
976,9.76,11
977,9.77,15
978,9.78,6
979,9.790000000000001,14
980,9.8,16
981,9.81,11
982,9.82,12
983,9.83,13
984,9.84,11
985,9.85,9
986,9.86,16
987,9.870000000000001,8
988,9.88,14
989,9.89,10
990,9.9,16
991,9.91,12
992,9.92,11
993,9.93,16
994,9.94,10
995,9.950000000000001,11
996,9.96,10
997,9.97,8
998,9.98,14
999,9.99,13
1000,10.0,19
1001,10.01,11
1002,10.02,13
1003,10.03,14
1004,10.040000000000001,16
1005,10.05,15
1006,10.06,9
1007,10.07,13
1008,10.08,9
1009,10.09,15
1010,10.1,6
1011,10.11,13
1012,10.120000000000001,15
1013,10.13,8
1014,10.14,16
1015,10.15,20
1016,10.16,13
1017,10.17,8
1018,10.18,15
1019,10.19,16
1020,10.200000000000001,16
1021,10.21,12
1022,10.22,12
1023,10.23,16
1024,10.24,12
1025,10.25,9
1026,10.26,14
1027,10.27,18
1028,10.28,19
1029,10.290000000000001,13
1030,10.3,11
1031,10.31,11
1032,10.32,5
1033,10.33,16
1034,10.34,8
1035,10.35,12
1036,10.36,13
1037,10.370000000000001,7
1038,10.38,12
1039,10.39,13
1040,10.4,10
1041,10.41,12
1042,10.42,9
1043,10.43,8
1044,10.44,22
1045,10.450000000000001,7
1046,10.46,14
1047,10.47,10
1048,10.48,9
1049,10.49,18
1050,10.5,10
1051,10.51,12
1052,10.52,13
1053,10.53,13
1054,10.540000000000001,12
1055,10.55,10
1056,10.56,7
1057,10.57,10
1058,10.58,10
1059,10.59,9
1060,10.6,12
1061,10.61,8
1062,10.620000000000001,15
1063,10.63,11
1064,10.64,8
1065,10.65,11
1066,10.66,11
1067,10.67,13
1068,10.68,6
1069,10.69,12
1070,10.700000000000001,12
1071,10.71,9
1072,10.72,10
1073,10.73,9
1074,10.74,6
1075,10.75,15
1076,10.76,9
1077,10.77,5
1078,10.78,6
1079,10.790000000000001,10
1080,10.8,9
1081,10.81,4
1082,10.82,12
1083,10.83,14
1084,10.84,10
1085,10.85,4
1086,10.86,10
1087,10.870000000000001,8
1088,10.88,12
1089,10.89,13
1090,10.9,10
1091,10.91,7
1092,10.92,9
1093,10.93,17
1094,10.94,11
1095,10.950000000000001,9
1096,10.96,12
1097,10.97,12
1098,10.98,6
1099,10.99,3
1100,11.0,15
1101,11.01,5
1102,11.02,10
1103,11.03,8
1104,11.040000000000001,9
1105,11.05,7
1106,11.06,10
1107,11.07,6
1108,11.08,5
1109,11.09,17
1110,11.1,5
1111,11.11,5
1112,11.120000000000001,5
1113,11.13,9
1114,11.14,13
1115,11.15,4
1116,11.16,10
1117,11.17,5
1118,11.18,8
1119,11.19,12
1120,11.200000000000001,13
1121,11.21,10
1122,11.22,7
1123,11.23,7
1124,11.24,5
1125,11.25,10
1126,11.26,10
1127,11.27,12
1128,11.28,8
1129,11.290000000000001,8
1130,11.3,8
1131,11.31,13
1132,11.32,12
1133,11.33,12
1134,11.34,10
1135,11.35,8
1136,11.36,10
1137,11.370000000000001,12
1138,11.38,8
1139,11.39,9
1140,11.4,11
1141,11.41,9
1142,11.42,8
1143,11.43,4
1144,11.44,9
1145,11.450000000000001,12
1146,11.46,6
1147,11.47,9
1148,11.48,7
1149,11.49,5
1150,11.5,7
1151,11.51,7
1152,11.52,8
1153,11.53,8
1154,11.540000000000001,12
1155,11.55,8
1156,11.56,11
1157,11.57,8
1158,11.58,2
1159,11.59,10
1160,11.6,12
1161,11.61,4
1162,11.620000000000001,8
1163,11.63,12
1164,11.64,8
1165,11.65,9
1166,11.66,8
1167,11.67,6
1168,11.68,6
1169,11.69,9
1170,11.700000000000001,8
1171,11.71,9
1172,11.72,12
1173,11.73,6
1174,11.74,7
1175,11.75,3
1176,11.76,10
1177,11.77,8
1178,11.78,5
1179,11.790000000000001,10
1180,11.8,9
1181,11.81,9
1182,11.82,7
1183,11.83,9
1184,11.84,5
1185,11.85,5
1186,11.86,12
1187,11.870000000000001,9
1188,11.88,8
1189,11.89,7
1190,11.9,4
1191,11.91,6
1192,11.92,8
1193,11.93,8
1194,11.94,9
1195,11.950000000000001,4
1196,11.96,10
1197,11.97,6
1198,11.98,5
1199,11.99,9
1200,12.0,5
1201,12.01,8
1202,12.02,3
1203,12.030000000000001,8
1204,12.040000000000001,5
1205,12.05,13
1206,12.06,6
1207,12.07,8
1208,12.08,13
1209,12.09,2
1210,12.1,5
1211,12.11,13
1212,12.120000000000001,1
1213,12.13,5
1214,12.14,13
1215,12.15,4
1216,12.16,9
1217,12.17,11
1218,12.18,7
1219,12.19,2
1220,12.200000000000001,4
1221,12.21,8
1222,12.22,3
1223,12.23,5
1224,12.24,5
1225,12.25,9
1226,12.26,8
1227,12.27,6
1228,12.280000000000001,10
1229,12.290000000000001,4
1230,12.3,5
1231,12.31,5
1232,12.32,4
1233,12.33,5
1234,12.34,5
1235,12.35,14
1236,12.36,13
1237,12.370000000000001,3
1238,12.38,6
1239,12.39,7
1240,12.4,13
1241,12.41,4
1242,12.42,5
1243,12.43,8
1244,12.44,4
1245,12.450000000000001,8
1246,12.46,5
1247,12.47,5
1248,12.48,8
1249,12.49,11
1250,12.5,7
1251,12.51,8
1252,12.52,10
1253,12.530000000000001,7
1254,12.540000000000001,4
1255,12.55,9
1256,12.56,5
1257,12.57,10
1258,12.58,5
1259,12.59,6
1260,12.6,3
1261,12.61,13
1262,12.620000000000001,6
1263,12.63,1
1264,12.64,6
1265,12.65,6
1266,12.66,10
1267,12.67,5
1268,12.68,5
1269,12.69,5
1270,12.700000000000001,5
1271,12.71,6
1272,12.72,6
1273,12.73,6
1274,12.74,9
1275,12.75,6
1276,12.76,4
1277,12.77,11
1278,12.780000000000001,4
1279,12.790000000000001,6
1280,12.8,7
1281,12.81,8
1282,12.82,4
1283,12.83,4
1284,12.84,4
1285,12.85,6
1286,12.86,7
1287,12.870000000000001,4
1288,12.88,10
1289,12.89,6
1290,12.9,3
1291,12.91,4
1292,12.92,7
1293,12.93,6
1294,12.94,7
1295,12.950000000000001,5
1296,12.96,4
1297,12.97,6
1298,12.98,5
1299,12.99,3
1300,13.0,4
1301,13.01,5
1302,13.02,5
1303,13.030000000000001,5
1304,13.040000000000001,6
1305,13.05,5
1306,13.06,9
1307,13.07,3
1308,13.08,6
1309,13.09,3
1310,13.1,2
1311,13.11,4
1312,13.120000000000001,4
1313,13.13,7
1314,13.14,2
1315,13.15,3
1316,13.16,1
1317,13.17,2
1318,13.18,5
1319,13.19,6
1320,13.200000000000001,3
1321,13.21,2
1322,13.22,7
1323,13.23,6
1324,13.24,8
1325,13.25,7
1326,13.26,4
1327,13.27,8
1328,13.280000000000001,1
1329,13.290000000000001,2
1330,13.3,6
1331,13.31,1
1332,13.32,3
1333,13.33,6
1334,13.34,4
1335,13.35,2
1336,13.36,9
1337,13.370000000000001,7
1338,13.38,2
1339,13.39,3
1340,13.4,4
1341,13.41,9
1342,13.42,4
1343,13.43,5
1344,13.44,8
1345,13.450000000000001,4
1346,13.46,6
1347,13.47,1
1348,13.48,5
1349,13.49,8
1350,13.5,2
1351,13.51,7
1352,13.52,4
1353,13.530000000000001,1
1354,13.540000000000001,6
1355,13.55,2
1356,13.56,5
1357,13.57,8
1358,13.58,6
1359,13.59,1
1360,13.6,8
1361,13.61,3
1362,13.620000000000001,8
1363,13.63,3
1364,13.64,8
1365,13.65,2
1366,13.66,3
1367,13.67,3
1368,13.68,3
1369,13.69,7
1370,13.700000000000001,5
1371,13.71,1
1372,13.72,3
1373,13.73,5
1374,13.74,4
1375,13.75,4
1376,13.76,1
1377,13.77,4
1378,13.780000000000001,6
1379,13.790000000000001,8
1380,13.8,2
1381,13.81,2
1382,13.82,4
1383,13.83,4
1384,13.84,4
1385,13.85,5
1386,13.86,7
1387,13.870000000000001,2
1388,13.88,3
1389,13.89,6
1390,13.9,3
1391,13.91,5
1392,13.92,5
1393,13.93,3
1394,13.94,2
1395,13.950000000000001,2
1396,13.96,3
1397,13.97,4
1398,13.98,3
1399,13.99,1
1400,14.0,1
1401,14.01,3
1402,14.02,2
1403,14.030000000000001,3
1404,14.040000000000001,3
1405,14.05,5
1406,14.06,4
1407,14.07,3
1408,14.08,5
1409,14.09,5
1410,14.1,6
1411,14.11,4
1412,14.120000000000001,4
1413,14.13,3
1414,14.14,6
1415,14.15,3
1416,14.16,6
1417,14.17,5
1418,14.18,3
1419,14.19,4
1420,14.200000000000001,4
1421,14.21,1
1422,14.22,9
1423,14.23,6
1424,14.24,7
1425,14.25,1
1426,14.26,3
1427,14.27,5
1428,14.280000000000001,4
1429,14.290000000000001,4
1430,14.3,3
1431,14.31,4
1432,14.32,6
1433,14.33,4
1434,14.34,2
1435,14.35,4
1436,14.36,5
1437,14.370000000000001,2
1438,14.38,6
1439,14.39,3
1440,14.4,3
1441,14.41,6
1442,14.42,3
1443,14.43,3
1444,14.44,3
1445,14.450000000000001,1
1446,14.46,1
1447,14.47,1
1448,14.48,2
1449,14.49,1
1450,14.5,1
1451,14.51,2
1452,14.52,5
1453,14.530000000000001,1
1454,14.540000000000001,4
1455,14.55,2
1456,14.56,6
1457,14.57,1
1458,14.58,2
1459,14.59,4
1460,14.6,5
1461,14.61,0
1462,14.620000000000001,2
1463,14.63,4
1464,14.64,2
1465,14.65,2
1466,14.66,4
1467,14.67,1
1468,14.68,3
1469,14.69,3
1470,14.700000000000001,3
1471,14.71,5
1472,14.72,4
1473,14.73,2
1474,14.74,7
1475,14.75,3
1476,14.76,1
1477,14.77,7
1478,14.780000000000001,3
1479,14.790000000000001,5
1480,14.8,3
1481,14.81,4
1482,14.82,3
1483,14.83,4
1484,14.84,3
1485,14.85,3
1486,14.86,3
1487,14.870000000000001,1
1488,14.88,2
1489,14.89,3
1490,14.9,2
1491,14.91,3
1492,14.92,2
1493,14.93,2
1494,14.94,1
1495,14.950000000000001,4
1496,14.96,3
1497,14.97,0
1498,14.98,3
1499,14.99,2
1500,15.0,3
1501,15.01,2
1502,15.02,2
1503,15.030000000000001,2
1504,15.040000000000001,0
1505,15.05,4
1506,15.06,4
1507,15.07,1
1508,15.08,2
1509,15.09,1
1510,15.1,3
1511,15.11,4
1512,15.120000000000001,1
1513,15.13,0
1514,15.14,2
1515,15.15,2
1516,15.16,3
1517,15.17,2
1518,15.18,3
1519,15.19,3
1520,15.200000000000001,2
1521,15.21,0
1522,15.22,0
1523,15.23,3
1524,15.24,1
1525,15.25,2
1526,15.26,2
1527,15.27,2
1528,15.280000000000001,2
1529,15.290000000000001,2
1530,15.3,0
1531,15.31,1
1532,15.32,3
1533,15.33,3
1534,15.34,1
1535,15.35,0
1536,15.36,0
1537,15.370000000000001,4
1538,15.38,0
1539,15.39,1
1540,15.4,2
1541,15.41,4
1542,15.42,2
1543,15.43,1
1544,15.44,2
1545,15.450000000000001,1
1546,15.46,2
1547,15.47,1
1548,15.48,1
1549,15.49,3
1550,15.5,3
1551,15.51,3
1552,15.52,3
1553,15.530000000000001,1
1554,15.540000000000001,0
1555,15.55,2
1556,15.56,1
1557,15.57,1
1558,15.58,2
1559,15.59,0
1560,15.6,0
1561,15.610000000000001,2
1562,15.620000000000001,1
1563,15.63,3
1564,15.64,5
1565,15.65,3
1566,15.66,1
1567,15.67,2
1568,15.68,1
1569,15.69,2
1570,15.700000000000001,1
1571,15.71,0
1572,15.72,1
1573,15.73,0
1574,15.74,7
1575,15.75,0
1576,15.76,3
1577,15.77,1
1578,15.780000000000001,0
1579,15.790000000000001,4
1580,15.8,0
1581,15.81,0
1582,15.82,1
1583,15.83,2
1584,15.84,1
1585,15.85,1
1586,15.860000000000001,1
1587,15.870000000000001,0
1588,15.88,2
1589,15.89,2
1590,15.9,3
1591,15.91,2
1592,15.92,1
1593,15.93,1
1594,15.94,0
1595,15.950000000000001,1
1596,15.96,1
1597,15.97,1
1598,15.98,0
1599,15.99,0
1600,16.0,1
1601,16.01,4
1602,16.02,0
1603,16.03,3
1604,16.04,3
1605,16.05,1
1606,16.06,1
1607,16.07,2
1608,16.080000000000002,1
1609,16.09,1
1610,16.1,0
1611,16.11,4
1612,16.12,1
1613,16.13,2
1614,16.14,1
1615,16.15,0
1616,16.16,1
1617,16.17,0
1618,16.18,1
1619,16.19,2
1620,16.2,1
1621,16.21,1
1622,16.22,3
1623,16.23,1
1624,16.240000000000002,0
1625,16.25,1
1626,16.26,1
1627,16.27,0
1628,16.28,1
1629,16.29,1
1630,16.3,1
1631,16.31,1
1632,16.32,1
1633,16.330000000000002,0
1634,16.34,1
1635,16.35,1
1636,16.36,0
1637,16.37,0
1638,16.38,0
1639,16.39,1
1640,16.4,2
1641,16.41,0
1642,16.42,1
1643,16.43,0
1644,16.44,2
1645,16.45,0
1646,16.46,1
1647,16.47,0
1648,16.48,0
1649,16.490000000000002,0
1650,16.5,0
1651,16.51,2
1652,16.52,0
1653,16.53,1
1654,16.54,1
1655,16.55,1
1656,16.56,1
1657,16.57,0
1658,16.580000000000002,0
1659,16.59,1
1660,16.6,0
1661,16.61,2
1662,16.62,0
1663,16.63,0
1664,16.64,0
1665,16.65,0
1666,16.66,0
1667,16.67,1
1668,16.68,0
1669,16.69,2
1670,16.7,1
1671,16.71,0
1672,16.72,0
1673,16.73,0
1674,16.740000000000002,2
1675,16.75,0
1676,16.76,0
1677,16.77,0
1678,16.78,1
1679,16.79,1
1680,16.8,0
1681,16.81,0
1682,16.82,0
1683,16.830000000000002,1
1684,16.84,0
1685,16.85,1
1686,16.86,0
1687,16.87,0
1688,16.88,0
1689,16.89,0
1690,16.9,0
1691,16.91,1
1692,16.92,1
1693,16.93,1
1694,16.94,0
1695,16.95,0
1696,16.96,2
1697,16.97,2
1698,16.98,0
1699,16.990000000000002,0
1700,17.0,0
1701,17.01,1
1702,17.02,1
1703,17.03,0
1704,17.04,1
1705,17.05,0
1706,17.06,0
1707,17.07,0
1708,17.080000000000002,0
1709,17.09,0
1710,17.1,0
1711,17.11,0
1712,17.12,0
1713,17.13,0
1714,17.14,0
1715,17.150000000000002,0
1716,17.16,0
1717,17.17,0
1718,17.18,0
1719,17.19,0
1720,17.2,0
1721,17.21,0
1722,17.22,0
1723,17.23,0
1724,17.240000000000002,0
1725,17.25,1
1726,17.26,0
1727,17.27,0
1728,17.28,1
1729,17.29,0
1730,17.3,1
1731,17.31,1
1732,17.32,0
1733,17.330000000000002,0
1734,17.34,1
1735,17.35,0
1736,17.36,0
1737,17.37,0
1738,17.38,0
1739,17.39,1
1740,17.400000000000002,0
1741,17.41,0
1742,17.42,0
1743,17.43,1
1744,17.44,0
1745,17.45,1
1746,17.46,0
1747,17.47,0
1748,17.48,0
1749,17.490000000000002,0
1750,17.5,0
1751,17.51,0
1752,17.52,0
1753,17.53,0
1754,17.54,0
1755,17.55,1
1756,17.56,0
1757,17.57,0
1758,17.580000000000002,0
1759,17.59,0
1760,17.6,1
1761,17.61,0
1762,17.62,1
1763,17.63,0
1764,17.64,0
1765,17.650000000000002,0
1766,17.66,0
1767,17.67,0
1768,17.68,0
1769,17.69,0
1770,17.7,0
1771,17.71,0
1772,17.72,0
1773,17.73,0
1774,17.740000000000002,1
1775,17.75,0
1776,17.76,0
1777,17.77,0
1778,17.78,0
1779,17.79,0
1780,17.8,0
1781,17.81,0
1782,17.82,0
1783,17.830000000000002,0
1784,17.84,0
1785,17.85,0
1786,17.86,0
1787,17.87,0
1788,17.88,0
1789,17.89,0
1790,17.900000000000002,0
1791,17.91,0
1792,17.92,0
1793,17.93,0
1794,17.94,0
1795,17.95,0
1796,17.96,0
1797,17.97,0
1798,17.98,0
1799,17.990000000000002,0
1800,18.0,0
1801,18.01,0
1802,18.02,0
1803,18.03,0
1804,18.04,0
1805,18.05,0
1806,18.06,0
1807,18.07,0
1808,18.080000000000002,0
1809,18.09,0
1810,18.1,0
1811,18.11,0
1812,18.12,0
1813,18.13,0
1814,18.14,0
1815,18.150000000000002,0
1816,18.16,0
1817,18.17,0
1818,18.18,0
1819,18.19,0
1820,18.2,0
1821,18.21,0
1822,18.22,0
1823,18.23,0
1824,18.240000000000002,0
1825,18.25,0
1826,18.26,0
1827,18.27,0
1828,18.28,0
1829,18.29,0
1830,18.3,0
1831,18.31,0
1832,18.32,0
1833,18.330000000000002,0
1834,18.34,0
1835,18.35,0
1836,18.36,0
1837,18.37,0
1838,18.38,0
1839,18.39,0
1840,18.400000000000002,0
1841,18.41,0
1842,18.42,0
1843,18.43,0
1844,18.44,0
1845,18.45,0
1846,18.46,0
1847,18.47,0
1848,18.48,0
1849,18.490000000000002,0
1850,18.5,0
1851,18.51,0
1852,18.52,0
1853,18.53,0
1854,18.54,0
1855,18.55,0
1856,18.56,0
1857,18.57,0
1858,18.580000000000002,0
1859,18.59,0
1860,18.6,0
1861,18.61,0
1862,18.62,0
1863,18.63,0
1864,18.64,0
1865,18.650000000000002,0
1866,18.66,0
1867,18.67,0
1868,18.68,0
1869,18.69,0
1870,18.7,0
1871,18.71,0
1872,18.72,0
1873,18.73,0
1874,18.740000000000002,0
1875,18.75,0
1876,18.76,0
1877,18.77,0
1878,18.78,0
1879,18.79,1
1880,18.8,0
1881,18.81,0
1882,18.82,1
1883,18.830000000000002,0
1884,18.84,0
1885,18.85,0
1886,18.86,0
1887,18.87,0
1888,18.88,0
1889,18.89,0
1890,18.900000000000002,0
1891,18.91,0
1892,18.92,0
1893,18.93,0
1894,18.94,0
1895,18.95,0
1896,18.96,0
1897,18.97,0
1898,18.98,0
1899,18.990000000000002,0
1900,19.0,0
1901,19.01,1
1902,19.02,0
1903,19.03,0
1904,19.04,0
1905,19.05,0
1906,19.06,0
1907,19.07,0
1908,19.080000000000002,0
1909,19.09,0
1910,19.1,1
1911,19.11,0
1912,19.12,1
1913,19.13,0
1914,19.14,0
1915,19.150000000000002,0
1916,19.16,0
1917,19.17,0
1918,19.18,0
1919,19.19,0
1920,19.2,0
1921,19.21,0
1922,19.22,0
1923,19.23,0
1924,19.240000000000002,0
1925,19.25,0
1926,19.26,0
1927,19.27,0
1928,19.28,0
1929,19.29,0
1930,19.3,0
1931,19.31,0
1932,19.32,0
1933,19.330000000000002,1
1934,19.34,0
1935,19.35,0
1936,19.36,0
1937,19.37,0
1938,19.38,0
1939,19.39,0
1940,19.400000000000002,0
1941,19.41,0
1942,19.42,0
1943,19.43,0
1944,19.44,0
1945,19.45,0
1946,19.46,0
1947,19.47,0
1948,19.48,0
1949,19.490000000000002,0
1950,19.5,0
1951,19.51,0
1952,19.52,0
1953,19.53,0
1954,19.54,0
1955,19.55,0
1956,19.56,0
1957,19.57,0
1958,19.580000000000002,0
1959,19.59,0
1960,19.6,0
1961,19.61,0
1962,19.62,0
1963,19.63,0
1964,19.64,0
1965,19.650000000000002,0
1966,19.66,0
1967,19.67,0
1968,19.68,0
1969,19.69,0
1970,19.7,0
1971,19.71,0
1972,19.72,0
1973,19.73,0
1974,19.740000000000002,0
1975,19.75,0
1976,19.76,0
1977,19.77,0
1978,19.78,0
1979,19.79,0
1980,19.8,0
1981,19.81,0
1982,19.82,0
1983,19.830000000000002,0
1984,19.84,0
1985,19.85,0
1986,19.86,0
1987,19.87,0
1988,19.88,0
1989,19.89,0
1990,19.900000000000002,0
1991,19.91,0
1992,19.92,0
1993,19.93,0
1994,19.94,0
1995,19.95,0
1996,19.96,0
1997,19.97,0
1998,19.98,0
1999,19.990000000000002,0
2000,20.0,0
2001,20.01,0
2002,20.02,0
2003,20.03,0
2004,20.04,0
2005,20.05,0
2006,20.06,0
2007,20.07,0
2008,20.080000000000002,0
2009,20.09,0
2010,20.1,0
2011,20.11,0
2012,20.12,0
2013,20.13,0
2014,20.14,0
2015,20.150000000000002,0
2016,20.16,0
2017,20.17,0
2018,20.18,0
2019,20.19,0
2020,20.2,0
2021,20.21,0
2022,20.22,0
2023,20.23,0
2024,20.240000000000002,0
2025,20.25,0
2026,20.26,0
2027,20.27,0
2028,20.28,0
2029,20.29,0
2030,20.3,0
2031,20.31,0
2032,20.32,0
2033,20.330000000000002,0
2034,20.34,0
2035,20.35,0
2036,20.36,0
2037,20.37,0
2038,20.38,0
2039,20.39,0
2040,20.400000000000002,0
2041,20.41,0
2042,20.42,0
2043,20.43,0
2044,20.44,0
2045,20.45,0
2046,20.46,0
2047,20.47,0
2048,20.48,0
2049,20.490000000000002,0
2050,20.5,0
2051,20.51,0
2052,20.52,0
2053,20.53,0
2054,20.54,0
2055,20.55,0
2056,20.56,0
2057,20.57,0
2058,20.580000000000002,0
2059,20.59,0
2060,20.6,0
2061,20.61,0
2062,20.62,0
2063,20.63,0
2064,20.64,0
2065,20.650000000000002,0
2066,20.66,0
2067,20.67,0
2068,20.68,0
2069,20.69,0
2070,20.7,0
2071,20.71,0
2072,20.72,0
2073,20.73,0
2074,20.740000000000002,0
2075,20.75,0
2076,20.76,0
2077,20.77,0
2078,20.78,0
2079,20.79,0
2080,20.8,0
2081,20.81,0
2082,20.82,0
2083,20.830000000000002,0
2084,20.84,0
2085,20.85,0
2086,20.86,0
2087,20.87,0
2088,20.88,0
2089,20.89,0
2090,20.900000000000002,0
2091,20.91,0
2092,20.92,0
2093,20.93,0
2094,20.94,0
2095,20.95,0
2096,20.96,0
2097,20.97,0
2098,20.98,0
2099,20.990000000000002,0
2100,21.0,0
2101,21.01,0
2102,21.02,0
2103,21.03,0
2104,21.04,0
2105,21.05,0
2106,21.06,0
2107,21.07,0
2108,21.080000000000002,0
2109,21.09,0
2110,21.1,0
2111,21.11,0
2112,21.12,0
2113,21.13,0
2114,21.14,0
2115,21.150000000000002,0
2116,21.16,0
2117,21.17,0
2118,21.18,0
2119,21.19,0
2120,21.2,0
2121,21.21,0
2122,21.22,0
2123,21.23,0
2124,21.240000000000002,0
2125,21.25,0
2126,21.26,0
2127,21.27,0
2128,21.28,0
2129,21.29,0
2130,21.3,0
2131,21.31,0
2132,21.32,0
2133,21.330000000000002,0
2134,21.34,0
2135,21.35,0
2136,21.36,0
2137,21.37,0
2138,21.38,0
2139,21.39,0
2140,21.400000000000002,0
2141,21.41,0
2142,21.42,0
2143,21.43,0
2144,21.44,0
2145,21.45,0
2146,21.46,0
2147,21.47,0
2148,21.48,0
2149,21.490000000000002,0
2150,21.5,0
2151,21.51,0
2152,21.52,0
2153,21.53,0
2154,21.54,0
2155,21.55,0
2156,21.56,0
2157,21.57,0
2158,21.580000000000002,0
2159,21.59,0
2160,21.6,0
2161,21.61,0
2162,21.62,0
2163,21.63,0
2164,21.64,0
2165,21.650000000000002,0
2166,21.66,0
2167,21.67,0
2168,21.68,0
2169,21.69,0
2170,21.7,0
2171,21.71,0
2172,21.72,0
2173,21.73,0
2174,21.740000000000002,0
2175,21.75,0
2176,21.76,0
2177,21.77,0
2178,21.78,0
2179,21.79,0
2180,21.8,0
2181,21.81,0
2182,21.82,0
2183,21.830000000000002,0
2184,21.84,0
2185,21.85,0
2186,21.86,0
2187,21.87,0
2188,21.88,0
2189,21.89,0
2190,21.900000000000002,0
2191,21.91,0
2192,21.92,0
2193,21.93,0
2194,21.94,0
2195,21.95,0
2196,21.96,0
2197,21.97,0
2198,21.98,0
2199,21.990000000000002,0
2200,22.0,0
2201,22.01,0
2202,22.02,0
2203,22.03,0
2204,22.04,0
2205,22.05,0
2206,22.06,0
2207,22.07,0
2208,22.080000000000002,0
2209,22.09,0
2210,22.1,0
2211,22.11,0
2212,22.12,0
2213,22.13,0
2214,22.14,0
2215,22.150000000000002,0
2216,22.16,0
2217,22.17,0
2218,22.18,0
2219,22.19,0
2220,22.2,0
2221,22.21,0
2222,22.22,0
2223,22.23,0
2224,22.240000000000002,0
2225,22.25,0
2226,22.26,0
2227,22.27,0
2228,22.28,0
2229,22.29,0
2230,22.3,0
2231,22.31,0
2232,22.32,0
2233,22.330000000000002,0
2234,22.34,0
2235,22.35,0
2236,22.36,0
2237,22.37,0
2238,22.38,0
2239,22.39,0
2240,22.400000000000002,0
2241,22.41,0
2242,22.42,0
2243,22.43,0
2244,22.44,0
2245,22.45,0
2246,22.46,0
2247,22.47,0
2248,22.48,0
2249,22.490000000000002,0
2250,22.5,0
2251,22.51,0
2252,22.52,0
2253,22.53,0
2254,22.54,0
2255,22.55,0
2256,22.56,0
2257,22.57,0
2258,22.580000000000002,0
2259,22.59,0
2260,22.6,0
2261,22.61,0
2262,22.62,0
2263,22.63,0
2264,22.64,0
2265,22.650000000000002,0
2266,22.66,0
2267,22.67,0
2268,22.68,0
2269,22.69,0
2270,22.7,0
2271,22.71,0
2272,22.72,0
2273,22.73,0
2274,22.740000000000002,0
2275,22.75,0
2276,22.76,0
2277,22.77,0
2278,22.78,0
2279,22.79,0
2280,22.8,0
2281,22.81,0
2282,22.82,0
2283,22.830000000000002,0
2284,22.84,0
2285,22.85,0
2286,22.86,0
2287,22.87,0
2288,22.88,0
2289,22.89,0
2290,22.900000000000002,0
2291,22.91,0
2292,22.92,0
2293,22.93,0
2294,22.94,0
2295,22.95,0
2296,22.96,0
2297,22.97,0
2298,22.98,0
2299,22.990000000000002,0
2300,23.0,0
2301,23.01,0
2302,23.02,0
2303,23.03,0
2304,23.04,0
2305,23.05,0
2306,23.06,0
2307,23.07,0
2308,23.080000000000002,0
2309,23.09,0
2310,23.1,0
2311,23.11,0
2312,23.12,0
2313,23.13,0
2314,23.14,0
2315,23.150000000000002,0
2316,23.16,0
2317,23.17,0
2318,23.18,0
2319,23.19,0
2320,23.2,0
2321,23.21,0
2322,23.22,0
2323,23.23,0
2324,23.240000000000002,0
2325,23.25,0
2326,23.26,0
2327,23.27,0
2328,23.28,0
2329,23.29,0
2330,23.3,0
2331,23.31,0
2332,23.32,0
2333,23.330000000000002,0
2334,23.34,0
2335,23.35,0
2336,23.36,0
2337,23.37,0
2338,23.38,0
2339,23.39,0
2340,23.400000000000002,0
2341,23.41,0
2342,23.42,0
2343,23.43,0
2344,23.44,0
2345,23.45,0
2346,23.46,0
2347,23.47,0
2348,23.48,0
2349,23.490000000000002,0
2350,23.5,0
2351,23.51,0
2352,23.52,0
2353,23.53,0
2354,23.54,0
2355,23.55,0
2356,23.56,0
2357,23.57,0
2358,23.580000000000002,0
2359,23.59,0
2360,23.6,0
2361,23.61,0
2362,23.62,0
2363,23.63,0
2364,23.64,0
2365,23.650000000000002,0
2366,23.66,0
2367,23.67,0
2368,23.68,0
2369,23.69,0
2370,23.7,0
2371,23.71,0
2372,23.72,0
2373,23.73,0
2374,23.740000000000002,0
2375,23.75,0
2376,23.76,0
2377,23.77,0
2378,23.78,0
2379,23.79,0
2380,23.8,0
2381,23.81,0
2382,23.82,0
2383,23.830000000000002,0
2384,23.84,0
2385,23.85,0
2386,23.86,0
2387,23.87,0
2388,23.88,0
2389,23.89,0
2390,23.900000000000002,0
2391,23.91,0
2392,23.92,0
2393,23.93,0
2394,23.94,0
2395,23.95,0
2396,23.96,0
2397,23.97,0
2398,23.98,0
2399,23.990000000000002,0
2400,24.0,0
2401,24.01,0
2402,24.02,0
2403,24.03,0
2404,24.04,0
2405,24.05,0
2406,24.060000000000002,0
2407,24.07,0
2408,24.080000000000002,0
2409,24.09,0
2410,24.1,0
2411,24.11,0
2412,24.12,0
2413,24.13,0
2414,24.14,0
2415,24.150000000000002,0
2416,24.16,0
2417,24.17,0
2418,24.18,0
2419,24.19,0
2420,24.2,0
2421,24.21,0
2422,24.22,0
2423,24.23,0
2424,24.240000000000002,0
2425,24.25,0
2426,24.26,0
2427,24.27,0
2428,24.28,0
2429,24.29,0
2430,24.3,0
2431,24.310000000000002,0
2432,24.32,0
2433,24.330000000000002,0
2434,24.34,0
2435,24.35,0
2436,24.36,0
2437,24.37,0
2438,24.38,0
2439,24.39,0
2440,24.400000000000002,0
2441,24.41,0
2442,24.42,0
2443,24.43,0
2444,24.44,0
2445,24.45,0
2446,24.46,0
2447,24.47,0
2448,24.48,0
2449,24.490000000000002,0
2450,24.5,0
2451,24.51,0
2452,24.52,0
2453,24.53,0
2454,24.54,0
2455,24.55,0
2456,24.560000000000002,0
2457,24.57,0
2458,24.580000000000002,0
2459,24.59,0
2460,24.6,0
2461,24.61,0
2462,24.62,0
2463,24.63,0
2464,24.64,0
2465,24.650000000000002,0
2466,24.66,0
2467,24.67,0
2468,24.68,0
2469,24.69,0
2470,24.7,0
2471,24.71,0
2472,24.72,0
2473,24.73,0
2474,24.740000000000002,0
2475,24.75,0
2476,24.76,0
2477,24.77,0
2478,24.78,0
2479,24.79,0
2480,24.8,0
2481,24.810000000000002,0
2482,24.82,0
2483,24.830000000000002,0
2484,24.84,0
2485,24.85,0
2486,24.86,0
2487,24.87,0
2488,24.88,0
2489,24.89,0
2490,24.900000000000002,0
2491,24.91,0
2492,24.92,0
2493,24.93,0
2494,24.94,0
2495,24.95,0
2496,24.96,0
2497,24.97,0
2498,24.98,0
2499,24.990000000000002,0
2500,25.0,0
2501,25.01,0
2502,25.02,0
2503,25.03,0
2504,25.04,0
2505,25.05,0
2506,25.060000000000002,0
2507,25.07,0
2508,25.080000000000002,0
2509,25.09,0
2510,25.1,0
2511,25.11,0
2512,25.12,0
2513,25.13,0
2514,25.14,0
2515,25.150000000000002,0
2516,25.16,0
2517,25.17,0
2518,25.18,0
2519,25.19,0
2520,25.2,0
2521,25.21,0
2522,25.22,0
2523,25.23,0
2524,25.240000000000002,0
2525,25.25,0
2526,25.26,0
2527,25.27,0
2528,25.28,0
2529,25.29,0
2530,25.3,0
2531,25.310000000000002,0
2532,25.32,0
2533,25.330000000000002,0
2534,25.34,0
2535,25.35,0
2536,25.36,0
2537,25.37,0
2538,25.38,0
2539,25.39,0
2540,25.400000000000002,0
2541,25.41,0
2542,25.42,0
2543,25.43,0
2544,25.44,0
2545,25.45,0
2546,25.46,0
2547,25.47,0
2548,25.48,0
2549,25.490000000000002,0
2550,25.5,0
2551,25.51,0
2552,25.52,0
2553,25.53,0
2554,25.54,0
2555,25.55,0
2556,25.560000000000002,0
2557,25.57,0
2558,25.580000000000002,0
2559,25.59,0
2560,25.6,0
2561,25.61,0
2562,25.62,0
2563,25.63,0
2564,25.64,0
2565,25.650000000000002,0
2566,25.66,0
2567,25.67,0
2568,25.68,0
2569,25.69,0
2570,25.7,0
2571,25.71,0
2572,25.72,0
2573,25.73,0
2574,25.740000000000002,0
2575,25.75,0
2576,25.76,0
2577,25.77,0
2578,25.78,0
2579,25.79,0
2580,25.8,0
2581,25.810000000000002,0
2582,25.82,0
2583,25.830000000000002,0
2584,25.84,0
2585,25.85,0
2586,25.86,0
2587,25.87,0
2588,25.88,0
2589,25.89,0
2590,25.900000000000002,0
2591,25.91,0
2592,25.92,0
2593,25.93,0
2594,25.94,0
2595,25.95,0
2596,25.96,0
2597,25.97,0
2598,25.98,0
2599,25.990000000000002,0
2600,26.0,0
2601,26.01,0
2602,26.02,0
2603,26.03,0
2604,26.04,0
2605,26.05,0
2606,26.060000000000002,0
2607,26.07,0
2608,26.080000000000002,0
2609,26.09,0
2610,26.1,0
2611,26.11,0
2612,26.12,0
2613,26.13,0
2614,26.14,0
2615,26.150000000000002,0
2616,26.16,0
2617,26.17,0
2618,26.18,0
2619,26.19,0
2620,26.2,0
2621,26.21,0
2622,26.22,0
2623,26.23,0
2624,26.240000000000002,0
2625,26.25,0
2626,26.26,0
2627,26.27,0
2628,26.28,0
2629,26.29,0
2630,26.3,0
2631,26.310000000000002,0
2632,26.32,0
2633,26.330000000000002,0
2634,26.34,0
2635,26.35,0
2636,26.36,0
2637,26.37,0
2638,26.38,0
2639,26.39,0
2640,26.400000000000002,0
2641,26.41,0
2642,26.42,0
2643,26.43,0
2644,26.44,0
2645,26.45,0
2646,26.46,0
2647,26.47,0
2648,26.48,0
2649,26.490000000000002,0
2650,26.5,0
2651,26.51,0
2652,26.52,0
2653,26.53,0
2654,26.54,0
2655,26.55,0
2656,26.560000000000002,0
2657,26.57,0
2658,26.580000000000002,0
2659,26.59,0
2660,26.6,0
2661,26.61,0
2662,26.62,0
2663,26.63,0
2664,26.64,0
2665,26.650000000000002,0
2666,26.66,0
2667,26.67,0
2668,26.68,0
2669,26.69,0
2670,26.7,0
2671,26.71,0
2672,26.72,0
2673,26.73,0
2674,26.740000000000002,0
2675,26.75,0
2676,26.76,0
2677,26.77,0
2678,26.78,0
2679,26.79,0
2680,26.8,0
2681,26.810000000000002,0
2682,26.82,0
2683,26.830000000000002,0
2684,26.84,0
2685,26.85,0
2686,26.86,0
2687,26.87,0
2688,26.88,0
2689,26.89,0
2690,26.900000000000002,0
2691,26.91,0
2692,26.92,0
2693,26.93,0
2694,26.94,0
2695,26.95,0
2696,26.96,0
2697,26.97,0
2698,26.98,0
2699,26.990000000000002,0
2700,27.0,0
2701,27.01,0
2702,27.02,0
2703,27.03,0
2704,27.04,0
2705,27.05,0
2706,27.060000000000002,0
2707,27.07,0
2708,27.080000000000002,0
2709,27.09,0
2710,27.1,0
2711,27.11,0
2712,27.12,0
2713,27.13,0
2714,27.14,0
2715,27.150000000000002,0
2716,27.16,0
2717,27.17,0
2718,27.18,0
2719,27.19,0
2720,27.2,0
2721,27.21,0
2722,27.22,0
2723,27.23,0
2724,27.240000000000002,0
2725,27.25,0
2726,27.26,0
2727,27.27,0
2728,27.28,0
2729,27.29,0
2730,27.3,0
2731,27.310000000000002,0
2732,27.32,0
2733,27.330000000000002,0
2734,27.34,0
2735,27.35,0
2736,27.36,0
2737,27.37,0
2738,27.38,0
2739,27.39,0
2740,27.400000000000002,0
2741,27.41,0
2742,27.42,0
2743,27.43,0
2744,27.44,0
2745,27.45,0
2746,27.46,0
2747,27.47,0
2748,27.48,0
2749,27.490000000000002,0
2750,27.5,0
2751,27.51,0
2752,27.52,0
2753,27.53,0
2754,27.54,0
2755,27.55,0
2756,27.560000000000002,0
2757,27.57,0
2758,27.580000000000002,0
2759,27.59,0
2760,27.6,0
2761,27.61,0
2762,27.62,0
2763,27.63,0
2764,27.64,0
2765,27.650000000000002,0
2766,27.66,0
2767,27.67,0
2768,27.68,0
2769,27.69,0
2770,27.7,0
2771,27.71,0
2772,27.72,0
2773,27.73,0
2774,27.740000000000002,0
2775,27.75,0
2776,27.76,0
2777,27.77,0
2778,27.78,0
2779,27.79,0
2780,27.8,0
2781,27.810000000000002,0
2782,27.82,0
2783,27.830000000000002,0
2784,27.84,0
2785,27.85,0
2786,27.86,0
2787,27.87,0
2788,27.88,0
2789,27.89,0
2790,27.900000000000002,0
2791,27.91,0
2792,27.92,0
2793,27.93,0
2794,27.94,0
2795,27.95,0
2796,27.96,0
2797,27.97,0
2798,27.98,0
2799,27.990000000000002,0
2800,28.0,0
2801,28.01,0
2802,28.02,0
2803,28.03,0
2804,28.04,0
2805,28.05,0
2806,28.060000000000002,0
2807,28.07,0
2808,28.080000000000002,0
2809,28.09,0
2810,28.1,0
2811,28.11,0
2812,28.12,0
2813,28.13,0
2814,28.14,0
2815,28.150000000000002,0
2816,28.16,0
2817,28.17,0
2818,28.18,0
2819,28.19,0
2820,28.2,0
2821,28.21,0
2822,28.22,0
2823,28.23,0
2824,28.240000000000002,0
2825,28.25,0
2826,28.26,0
2827,28.27,0
2828,28.28,0
2829,28.29,0
2830,28.3,0
2831,28.310000000000002,0
2832,28.32,0
2833,28.330000000000002,0
2834,28.34,0
2835,28.35,0
2836,28.36,0
2837,28.37,0
2838,28.38,0
2839,28.39,0
2840,28.400000000000002,0
2841,28.41,0
2842,28.42,0
2843,28.43,0
2844,28.44,0
2845,28.45,0
2846,28.46,0
2847,28.47,0
2848,28.48,0
2849,28.490000000000002,0
2850,28.5,0
2851,28.51,0
2852,28.52,0
2853,28.53,0
2854,28.54,0
2855,28.55,0
2856,28.560000000000002,0
2857,28.57,0
2858,28.580000000000002,0
2859,28.59,0
2860,28.6,0
2861,28.61,0
2862,28.62,0
2863,28.63,0
2864,28.64,0
2865,28.650000000000002,0
2866,28.66,0
2867,28.67,0
2868,28.68,0
2869,28.69,0
2870,28.7,0
2871,28.71,0
2872,28.72,0
2873,28.73,0
2874,28.740000000000002,0
2875,28.75,0
2876,28.76,0
2877,28.77,0
2878,28.78,0
2879,28.79,0
2880,28.8,0
2881,28.810000000000002,0
2882,28.82,0
2883,28.830000000000002,0
2884,28.84,0
2885,28.85,0
2886,28.86,0
2887,28.87,0
2888,28.88,0
2889,28.89,0
2890,28.900000000000002,0
2891,28.91,0
2892,28.92,0
2893,28.93,0
2894,28.94,0
2895,28.95,0
2896,28.96,0
2897,28.97,0
2898,28.98,0
2899,28.990000000000002,0
2900,29.0,0
2901,29.01,0
2902,29.02,0
2903,29.03,0
2904,29.04,0
2905,29.05,0
2906,29.060000000000002,0
2907,29.07,0
2908,29.080000000000002,0
2909,29.09,0
2910,29.1,0
2911,29.11,0
2912,29.12,0
2913,29.13,0
2914,29.14,0
2915,29.150000000000002,0
2916,29.16,0
2917,29.17,0
2918,29.18,0
2919,29.19,0
2920,29.2,0
2921,29.21,0
2922,29.22,0
2923,29.23,0
2924,29.240000000000002,0
2925,29.25,0
2926,29.26,0
2927,29.27,0
2928,29.28,0
2929,29.29,0
2930,29.3,0
2931,29.310000000000002,0
2932,29.32,0
2933,29.330000000000002,0
2934,29.34,0
2935,29.35,0
2936,29.36,0
2937,29.37,0
2938,29.38,0
2939,29.39,0
2940,29.400000000000002,0
2941,29.41,0
2942,29.42,0
2943,29.43,0
2944,29.44,0
2945,29.45,0
2946,29.46,0
2947,29.47,0
2948,29.48,0
2949,29.490000000000002,0
2950,29.5,0
2951,29.51,0
2952,29.52,0
2953,29.53,0
2954,29.54,0
2955,29.55,0
2956,29.560000000000002,0
2957,29.57,0
2958,29.580000000000002,0
2959,29.59,0
2960,29.6,0
2961,29.61,0
2962,29.62,0
2963,29.63,0
2964,29.64,0
2965,29.650000000000002,0
2966,29.66,0
2967,29.67,0
2968,29.68,0
2969,29.69,0
2970,29.7,0
2971,29.71,0
2972,29.72,0
2973,29.73,0
2974,29.740000000000002,0
2975,29.75,0
2976,29.76,0
2977,29.77,0
2978,29.78,0
2979,29.79,0
2980,29.8,0
2981,29.810000000000002,0
2982,29.82,0
2983,29.830000000000002,0
2984,29.84,0
2985,29.85,0
2986,29.86,0
2987,29.87,0
2988,29.88,0
2989,29.89,0
2990,29.900000000000002,0
2991,29.91,0
2992,29.92,0
2993,29.93,0
2994,29.94,0
2995,29.95,0
2996,29.96,0
2997,29.97,0
2998,29.98,0
2999,29.990000000000002,0
3000,30.0,0
3001,30.01,0
3002,30.02,0
3003,30.03,0
3004,30.04,0
3005,30.05,0
3006,30.060000000000002,0
3007,30.07,0
3008,30.080000000000002,0
3009,30.09,0
3010,30.1,0
3011,30.11,0
3012,30.12,0
3013,30.13,0
3014,30.14,0
3015,30.150000000000002,0
3016,30.16,0
3017,30.17,0
3018,30.18,0
3019,30.19,0
3020,30.2,0
3021,30.21,0
3022,30.22,0
3023,30.23,0
3024,30.240000000000002,0
3025,30.25,0
3026,30.26,0
3027,30.27,0
3028,30.28,0
3029,30.29,0
3030,30.3,0
3031,30.310000000000002,0
3032,30.32,0
3033,30.330000000000002,0
3034,30.34,0
3035,30.35,0
3036,30.36,0
3037,30.37,0
3038,30.38,0
3039,30.39,0
3040,30.400000000000002,0
3041,30.41,0
3042,30.42,0
3043,30.43,0
3044,30.44,0
3045,30.45,0
3046,30.46,0
3047,30.47,0
3048,30.48,0
3049,30.490000000000002,0
3050,30.5,0
3051,30.51,0
3052,30.52,0
3053,30.53,0
3054,30.54,0
3055,30.55,0
3056,30.560000000000002,0
3057,30.57,0
3058,30.580000000000002,0
3059,30.59,0
3060,30.6,0
3061,30.61,0
3062,30.62,0
3063,30.63,0
3064,30.64,0
3065,30.650000000000002,0
3066,30.66,0
3067,30.67,0
3068,30.68,0
3069,30.69,0
3070,30.7,0
3071,30.71,0
3072,30.72,0
3073,30.73,0
3074,30.740000000000002,0
3075,30.75,0
3076,30.76,0
3077,30.77,0
3078,30.78,0
3079,30.79,0
3080,30.8,0
3081,30.810000000000002,0
3082,30.82,0
3083,30.830000000000002,0
3084,30.84,0
3085,30.85,0
3086,30.86,0
3087,30.87,0
3088,30.88,0
3089,30.89,0
3090,30.900000000000002,0
3091,30.91,0
3092,30.92,0
3093,30.93,0
3094,30.94,0
3095,30.95,0
3096,30.96,0
3097,30.970000000000002,0
3098,30.98,0
3099,30.990000000000002,0
3100,31.0,0
3101,31.01,0
3102,31.02,0
3103,31.03,0
3104,31.04,0
3105,31.05,0
3106,31.060000000000002,0
3107,31.07,0
3108,31.080000000000002,0
3109,31.09,0
3110,31.1,0
3111,31.11,0
3112,31.12,0
3113,31.13,0
3114,31.14,0
3115,31.150000000000002,0
3116,31.16,0
3117,31.17,0
3118,31.18,0
3119,31.19,0
3120,31.2,0
3121,31.21,0
3122,31.220000000000002,0
3123,31.23,0
3124,31.240000000000002,0
3125,31.25,0
3126,31.26,0
3127,31.27,0
3128,31.28,0
3129,31.29,0
3130,31.3,0
3131,31.310000000000002,0
3132,31.32,0
3133,31.330000000000002,0
3134,31.34,0
3135,31.35,0
3136,31.36,0
3137,31.37,0
3138,31.38,0
3139,31.39,0
3140,31.400000000000002,0
3141,31.41,0
3142,31.42,0
3143,31.43,0
3144,31.44,0
3145,31.45,0
3146,31.46,0
3147,31.470000000000002,0
3148,31.48,0
3149,31.490000000000002,0
3150,31.5,0
3151,31.51,0
3152,31.52,0
3153,31.53,0
3154,31.54,0
3155,31.55,0
3156,31.560000000000002,0
3157,31.57,0
3158,31.580000000000002,0
3159,31.59,0
3160,31.6,0
3161,31.61,0
3162,31.62,0
3163,31.63,0
3164,31.64,0
3165,31.650000000000002,0
3166,31.66,0
3167,31.67,0
3168,31.68,0
3169,31.69,0
3170,31.7,0
3171,31.71,0
3172,31.720000000000002,0
3173,31.73,0
3174,31.740000000000002,0
3175,31.75,0
3176,31.76,0
3177,31.77,0
3178,31.78,0
3179,31.79,0
3180,31.8,0
3181,31.810000000000002,0
3182,31.82,0
3183,31.830000000000002,0
3184,31.84,0
3185,31.85,0
3186,31.86,0
3187,31.87,0
3188,31.88,0
3189,31.89,0
3190,31.900000000000002,0
3191,31.91,0
3192,31.92,0
3193,31.93,0
3194,31.94,0
3195,31.95,0
3196,31.96,0
3197,31.970000000000002,0
3198,31.98,0
3199,31.990000000000002,0
3200,32.0,0
3201,32.01,0
3202,32.02,0
3203,32.03,0
3204,32.04,0
3205,32.05,0
3206,32.06,0
3207,32.07,0
3208,32.08,0
3209,32.09,0
3210,32.1,0
3211,32.11,0
3212,32.12,0
3213,32.13,0
3214,32.14,0
3215,32.15,0
3216,32.160000000000004,0
3217,32.17,0
3218,32.18,0
3219,32.19,0
3220,32.2,0
3221,32.21,0
3222,32.22,0
3223,32.230000000000004,0
3224,32.24,0
3225,32.25,0
3226,32.26,0
3227,32.27,0
3228,32.28,0
3229,32.29,0
3230,32.3,0
3231,32.31,0
3232,32.32,0
3233,32.33,0
3234,32.34,0
3235,32.35,0
3236,32.36,0
3237,32.37,0
3238,32.38,0
3239,32.39,0
3240,32.4,0
3241,32.410000000000004,0
3242,32.42,0
3243,32.43,0
3244,32.44,0
3245,32.45,0
3246,32.46,0
3247,32.47,0
3248,32.480000000000004,0
3249,32.49,0
3250,32.5,0
3251,32.51,0
3252,32.52,0
3253,32.53,0
3254,32.54,0
3255,32.55,0
3256,32.56,0
3257,32.57,0
3258,32.58,0
3259,32.59,0
3260,32.6,0
3261,32.61,0
3262,32.62,0
3263,32.63,0
3264,32.64,0
3265,32.65,0
3266,32.660000000000004,0
3267,32.67,0
3268,32.68,0
3269,32.69,0
3270,32.7,0
3271,32.71,0
3272,32.72,0
3273,32.730000000000004,0
3274,32.74,0
3275,32.75,0
3276,32.76,0
3277,32.77,0
3278,32.78,0
3279,32.79,0
3280,32.8,0
3281,32.81,0
3282,32.82,0
3283,32.83,0
3284,32.84,0
3285,32.85,0
3286,32.86,0
3287,32.87,0
3288,32.88,0
3289,32.89,0
3290,32.9,0
3291,32.910000000000004,0
3292,32.92,0
3293,32.93,0
3294,32.94,0
3295,32.95,0
3296,32.96,0
3297,32.97,0
3298,32.980000000000004,0
3299,32.99,0
3300,33.0,0
3301,33.01,0
3302,33.02,0
3303,33.03,0
3304,33.04,0
3305,33.05,0
3306,33.06,0
3307,33.07,0
3308,33.08,0
3309,33.09,0
3310,33.1,0
3311,33.11,0
3312,33.12,0
3313,33.13,0
3314,33.14,0
3315,33.15,0
3316,33.160000000000004,0
3317,33.17,0
3318,33.18,0
3319,33.19,0
3320,33.2,0
3321,33.21,0
3322,33.22,0
3323,33.230000000000004,0
3324,33.24,0
3325,33.25,0
3326,33.26,0
3327,33.27,0
3328,33.28,0
3329,33.29,0
3330,33.3,0
3331,33.31,0
3332,33.32,0
3333,33.33,0
3334,33.34,0
3335,33.35,0
3336,33.36,0
3337,33.37,0
3338,33.38,0
3339,33.39,0
3340,33.4,0
3341,33.410000000000004,0
3342,33.42,0
3343,33.43,0
3344,33.44,0
3345,33.45,0
3346,33.46,0
3347,33.47,0
3348,33.480000000000004,0
3349,33.49,0
3350,33.5,0
3351,33.51,0
3352,33.52,0
3353,33.53,0
3354,33.54,0
3355,33.55,0
3356,33.56,0
3357,33.57,0
3358,33.58,0
3359,33.59,0
3360,33.6,0
3361,33.61,0
3362,33.62,0
3363,33.63,0
3364,33.64,0
3365,33.65,0
3366,33.660000000000004,0
3367,33.67,0
3368,33.68,0
3369,33.69,0
3370,33.7,0
3371,33.71,0
3372,33.72,0
3373,33.730000000000004,0
3374,33.74,0
3375,33.75,0
3376,33.76,0
3377,33.77,0
3378,33.78,0
3379,33.79,0
3380,33.8,0
3381,33.81,0
3382,33.82,0
3383,33.83,0
3384,33.84,0
3385,33.85,0
3386,33.86,0
3387,33.87,0
3388,33.88,0
3389,33.89,0
3390,33.9,0
3391,33.910000000000004,0
3392,33.92,0
3393,33.93,0
3394,33.94,0
3395,33.95,0
3396,33.96,0
3397,33.97,0
3398,33.980000000000004,0
3399,33.99,0
3400,34.0,0
3401,34.01,0
3402,34.02,0
3403,34.03,0
3404,34.04,0
3405,34.05,0
3406,34.06,0
3407,34.07,0
3408,34.08,0
3409,34.09,0
3410,34.1,0
3411,34.11,0
3412,34.12,0
3413,34.13,0
3414,34.14,0
3415,34.15,0
3416,34.160000000000004,0
3417,34.17,0
3418,34.18,0
3419,34.19,0
3420,34.2,0
3421,34.21,0
3422,34.22,0
3423,34.230000000000004,0
3424,34.24,0
3425,34.25,0
3426,34.26,0
3427,34.27,0
3428,34.28,0
3429,34.29,0
3430,34.300000000000004,0
3431,34.31,0
3432,34.32,0
3433,34.33,0
3434,34.34,0
3435,34.35,0
3436,34.36,0
3437,34.37,0
3438,34.38,0
3439,34.39,0
3440,34.4,0
3441,34.410000000000004,0
3442,34.42,0
3443,34.43,0
3444,34.44,0
3445,34.45,0
3446,34.46,0
3447,34.47,0
3448,34.480000000000004,0
3449,34.49,0
3450,34.5,0
3451,34.51,0
3452,34.52,0
3453,34.53,0
3454,34.54,0
3455,34.550000000000004,0
3456,34.56,0
3457,34.57,0
3458,34.58,0
3459,34.59,0
3460,34.6,0
3461,34.61,0
3462,34.62,0
3463,34.63,0
3464,34.64,0
3465,34.65,0
3466,34.660000000000004,0
3467,34.67,0
3468,34.68,0
3469,34.69,0
3470,34.7,0
3471,34.71,0
3472,34.72,0
3473,34.730000000000004,0
3474,34.74,0
3475,34.75,0
3476,34.76,0
3477,34.77,0
3478,34.78,0
3479,34.79,0
3480,34.800000000000004,0
3481,34.81,0
3482,34.82,0
3483,34.83,0
3484,34.84,0
3485,34.85,0
3486,34.86,0
3487,34.87,0
3488,34.88,0
3489,34.89,0
3490,34.9,0
3491,34.910000000000004,0
3492,34.92,0
3493,34.93,0
3494,34.94,0
3495,34.95,0
3496,34.96,0
3497,34.97,0
3498,34.980000000000004,0
3499,34.99,0
3500,35.0,0
3501,35.01,0
3502,35.02,0
3503,35.03,0
3504,35.04,0
3505,35.050000000000004,0
3506,35.06,0
3507,35.07,0
3508,35.08,0
3509,35.09,0
3510,35.1,0
3511,35.11,0
3512,35.12,0
3513,35.13,0
3514,35.14,0
3515,35.15,0
3516,35.160000000000004,0
3517,35.17,0
3518,35.18,0
3519,35.19,0
3520,35.2,0
3521,35.21,0
3522,35.22,0
3523,35.230000000000004,0
3524,35.24,0
3525,35.25,0
3526,35.26,0
3527,35.27,0
3528,35.28,0
3529,35.29,0
3530,35.300000000000004,0
3531,35.31,0
3532,35.32,0
3533,35.33,0
3534,35.34,0
3535,35.35,0
3536,35.36,0
3537,35.37,0
3538,35.38,0
3539,35.39,0
3540,35.4,0
3541,35.410000000000004,0
3542,35.42,0
3543,35.43,0
3544,35.44,0
3545,35.45,0
3546,35.46,0
3547,35.47,0
3548,35.480000000000004,0
3549,35.49,0
3550,35.5,0
3551,35.51,0
3552,35.52,0
3553,35.53,0
3554,35.54,0
3555,35.550000000000004,0
3556,35.56,0
3557,35.57,0
3558,35.58,0
3559,35.59,0
3560,35.6,0
3561,35.61,0
3562,35.62,0
3563,35.63,0
3564,35.64,0
3565,35.65,0
3566,35.660000000000004,0
3567,35.67,0
3568,35.68,0
3569,35.69,0
3570,35.7,0
3571,35.71,0
3572,35.72,0
3573,35.730000000000004,0
3574,35.74,0
3575,35.75,0
3576,35.76,0
3577,35.77,0
3578,35.78,0
3579,35.79,0
3580,35.800000000000004,0
3581,35.81,0
3582,35.82,0
3583,35.83,0
3584,35.84,0
3585,35.85,0
3586,35.86,0
3587,35.87,0
3588,35.88,0
3589,35.89,0
3590,35.9,0
3591,35.910000000000004,0
3592,35.92,0
3593,35.93,0
3594,35.94,0
3595,35.95,0
3596,35.96,0
3597,35.97,0
3598,35.980000000000004,0
3599,35.99,0
3600,36.0,0
3601,36.01,0
3602,36.02,0
3603,36.03,0
3604,36.04,0
3605,36.050000000000004,0
3606,36.06,0
3607,36.07,0
3608,36.08,0
3609,36.09,0
3610,36.1,0
3611,36.11,0
3612,36.12,0
3613,36.13,0
3614,36.14,0
3615,36.15,0
3616,36.160000000000004,0
3617,36.17,0
3618,36.18,0
3619,36.19,0
3620,36.2,0
3621,36.21,0
3622,36.22,0
3623,36.230000000000004,0
3624,36.24,0
3625,36.25,0
3626,36.26,0
3627,36.27,0
3628,36.28,0
3629,36.29,0
3630,36.300000000000004,0
3631,36.31,0
3632,36.32,0
3633,36.33,0
3634,36.34,0
3635,36.35,0
3636,36.36,0
3637,36.37,0
3638,36.38,0
3639,36.39,0
3640,36.4,0
3641,36.410000000000004,0
3642,36.42,0
3643,36.43,0
3644,36.44,0
3645,36.45,0
3646,36.46,0
3647,36.47,0
3648,36.480000000000004,0
3649,36.49,0
3650,36.5,0
3651,36.51,0
3652,36.52,0
3653,36.53,0
3654,36.54,0
3655,36.550000000000004,0
3656,36.56,0
3657,36.57,0
3658,36.58,0
3659,36.59,0
3660,36.6,0
3661,36.61,0
3662,36.62,0
3663,36.63,0
3664,36.64,0
3665,36.65,0
3666,36.660000000000004,0
3667,36.67,0
3668,36.68,0
3669,36.69,0
3670,36.7,0
3671,36.71,0
3672,36.72,0
3673,36.730000000000004,0
3674,36.74,0
3675,36.75,0
3676,36.76,0
3677,36.77,0
3678,36.78,0
3679,36.79,0
3680,36.800000000000004,0
3681,36.81,0
3682,36.82,0
3683,36.83,0
3684,36.84,0
3685,36.85,0
3686,36.86,0
3687,36.87,0
3688,36.88,0
3689,36.89,0
3690,36.9,0
3691,36.910000000000004,0
3692,36.92,0
3693,36.93,0
3694,36.94,0
3695,36.95,0
3696,36.96,0
3697,36.97,0
3698,36.980000000000004,0
3699,36.99,0
3700,37.0,0
3701,37.01,0
3702,37.02,0
3703,37.03,0
3704,37.04,0
3705,37.050000000000004,0
3706,37.06,0
3707,37.07,0
3708,37.08,0
3709,37.09,0
3710,37.1,0
3711,37.11,0
3712,37.12,0
3713,37.13,0
3714,37.14,0
3715,37.15,0
3716,37.160000000000004,0
3717,37.17,0
3718,37.18,0
3719,37.19,0
3720,37.2,0
3721,37.21,0
3722,37.22,0
3723,37.230000000000004,0
3724,37.24,0
3725,37.25,0
3726,37.26,0
3727,37.27,0
3728,37.28,0
3729,37.29,0
3730,37.300000000000004,0
3731,37.31,0
3732,37.32,0
3733,37.33,0
3734,37.34,0
3735,37.35,0
3736,37.36,0
3737,37.37,0
3738,37.38,0
3739,37.39,0
3740,37.4,0
3741,37.410000000000004,0
3742,37.42,0
3743,37.43,0
3744,37.44,0
3745,37.45,0
3746,37.46,0
3747,37.47,0
3748,37.480000000000004,0
3749,37.49,0
3750,37.5,0
3751,37.51,0
3752,37.52,0
3753,37.53,0
3754,37.54,0
3755,37.550000000000004,0
3756,37.56,0
3757,37.57,0
3758,37.58,0
3759,37.59,0
3760,37.6,0
3761,37.61,0
3762,37.62,0
3763,37.63,0
3764,37.64,0
3765,37.65,0
3766,37.660000000000004,0
3767,37.67,0
3768,37.68,0
3769,37.69,0
3770,37.7,0
3771,37.71,0
3772,37.72,0
3773,37.730000000000004,0
3774,37.74,0
3775,37.75,0
3776,37.76,0
3777,37.77,0
3778,37.78,0
3779,37.79,0
3780,37.800000000000004,0
3781,37.81,0
3782,37.82,0
3783,37.83,0
3784,37.84,0
3785,37.85,0
3786,37.86,0
3787,37.87,0
3788,37.88,0
3789,37.89,0
3790,37.9,0
3791,37.910000000000004,0
3792,37.92,0
3793,37.93,0
3794,37.94,0
3795,37.95,0
3796,37.96,0
3797,37.97,0
3798,37.980000000000004,0
3799,37.99,0
3800,38.0,0
3801,38.01,0
3802,38.02,0
3803,38.03,0
3804,38.04,0
3805,38.050000000000004,0
3806,38.06,0
3807,38.07,0
3808,38.08,0
3809,38.09,0
3810,38.1,0
3811,38.11,0
3812,38.12,0
3813,38.13,0
3814,38.14,0
3815,38.15,0
3816,38.160000000000004,0
3817,38.17,0
3818,38.18,0
3819,38.19,0
3820,38.2,0
3821,38.21,0
3822,38.22,0
3823,38.230000000000004,0
3824,38.24,0
3825,38.25,0
3826,38.26,0
3827,38.27,0
3828,38.28,0
3829,38.29,0
3830,38.300000000000004,0
3831,38.31,0
3832,38.32,0
3833,38.33,0
3834,38.34,0
3835,38.35,0
3836,38.36,0
3837,38.37,0
3838,38.38,0
3839,38.39,0
3840,38.4,0
3841,38.410000000000004,0
3842,38.42,0
3843,38.43,0
3844,38.44,0
3845,38.45,0
3846,38.46,0
3847,38.47,0
3848,38.480000000000004,0
3849,38.49,0
3850,38.5,0
3851,38.51,0
3852,38.52,0
3853,38.53,0
3854,38.54,0
3855,38.550000000000004,0
3856,38.56,0
3857,38.57,0
3858,38.58,0
3859,38.59,0
3860,38.6,0
3861,38.61,0
3862,38.62,0
3863,38.63,0
3864,38.64,0
3865,38.65,0
3866,38.660000000000004,0
3867,38.67,0
3868,38.68,0
3869,38.69,0
3870,38.7,0
3871,38.71,0
3872,38.72,0
3873,38.730000000000004,0
3874,38.74,0
3875,38.75,0
3876,38.76,0
3877,38.77,0
3878,38.78,0
3879,38.79,0
3880,38.800000000000004,0
3881,38.81,0
3882,38.82,0
3883,38.83,0
3884,38.84,0
3885,38.85,0
3886,38.86,0
3887,38.87,0
3888,38.88,0
3889,38.89,0
3890,38.9,0
3891,38.910000000000004,0
3892,38.92,0
3893,38.93,0
3894,38.94,0
3895,38.95,0
3896,38.96,0
3897,38.97,0
3898,38.980000000000004,0
3899,38.99,0
3900,39.0,0
3901,39.01,0
3902,39.02,0
3903,39.03,0
3904,39.04,0
3905,39.050000000000004,0
3906,39.06,0
3907,39.07,0
3908,39.08,0
3909,39.09,0
3910,39.1,0
3911,39.11,0
3912,39.12,0
3913,39.13,0
3914,39.14,0
3915,39.15,0
3916,39.160000000000004,0
3917,39.17,0
3918,39.18,0
3919,39.19,0
3920,39.2,0
3921,39.21,0
3922,39.22,0
3923,39.230000000000004,0
3924,39.24,0
3925,39.25,0
3926,39.26,0
3927,39.27,0
3928,39.28,0
3929,39.29,0
3930,39.300000000000004,0
3931,39.31,0
3932,39.32,0
3933,39.33,0
3934,39.34,0
3935,39.35,0
3936,39.36,0
3937,39.37,0
3938,39.38,0
3939,39.39,0
3940,39.4,0
3941,39.410000000000004,0
3942,39.42,0
3943,39.43,0
3944,39.44,0
3945,39.45,0
3946,39.46,0
3947,39.47,0
3948,39.480000000000004,0
3949,39.49,0
3950,39.5,0
3951,39.51,0
3952,39.52,0
3953,39.53,0
3954,39.54,0
3955,39.550000000000004,0
3956,39.56,0
3957,39.57,0
3958,39.58,0
3959,39.59,0
3960,39.6,0
3961,39.61,0
3962,39.62,0
3963,39.63,0
3964,39.64,0
3965,39.65,0
3966,39.660000000000004,0
3967,39.67,0
3968,39.68,0
3969,39.69,0
3970,39.7,0
3971,39.71,0
3972,39.72,0
3973,39.730000000000004,0
3974,39.74,0
3975,39.75,0
3976,39.76,0
3977,39.77,0
3978,39.78,0
3979,39.79,0
3980,39.800000000000004,0
3981,39.81,0
3982,39.82,0
3983,39.83,0
3984,39.84,0
3985,39.85,0
3986,39.86,0
3987,39.87,0
3988,39.88,0
3989,39.89,0
3990,39.9,0
3991,39.910000000000004,0
3992,39.92,0
3993,39.93,0
3994,39.94,0
3995,39.95,0
3996,39.96,0
3997,39.97,0
3998,39.980000000000004,0
3999,39.99,0
4000,40.0,0
4001,40.01,0
4002,40.02,0
4003,40.03,0
4004,40.04,0
4005,40.050000000000004,0
4006,40.06,0
4007,40.07,0
4008,40.08,0
4009,40.09,0
4010,40.1,0
4011,40.11,0
4012,40.12,0
4013,40.13,0
4014,40.14,0
4015,40.15,0
4016,40.160000000000004,0
4017,40.17,0
4018,40.18,0
4019,40.19,0
