sample_id,file,element,wt_percent,at_percent,k_ratio,Z,A,F,net_intensity,background_intensity,intensity_error_percent,peak_background,acquisition_time,date
BPT,1 008asr.csv,O K,11.24,42.34,0.0288,1.2596,0.2033,1.0,82.95,3.7,2.56,22.42,14:16:24,28-Apr-2022
BPT,1 008asr.csv,PbM,5.44,1.58,0.0424,0.8457,0.9197,1.0007,44.35,30.3,5.17,1.46,14:16:24,28-Apr-2022
BPT,1 008asr.csv,BaL,59.5,26.11,0.5453,0.9007,1.0175,1.0,367.82,24.35,1.24,15.11,14:16:24,28-Apr-2022
BPT,1 008asr.csv,TiK,23.81,29.97,0.2426,1.083,0.9405,1.0,408.9,24.15,1.17,16.93,14:16:24,28-Apr-2022
BPT-Cu005,3 002asr.csv,O K,6.62,29.02,0.0161,1.2802,0.19,1.0,38.52,4.45,4.0,8.66,14:37:10,28-Apr-2022
BPT-Cu005,3 002asr.csv,PbM,6.88,2.33,0.0539,0.8615,0.9083,1.0007,46.85,35.3,5.17,1.33,14:37:10,28-Apr-2022
BPT-Cu005,3 002asr.csv,BaL,60.72,31.01,0.5623,0.9165,1.0102,1.0001,315.65,24.2,1.35,13.04,14:37:10,28-Apr-2022
BPT-Cu005,3 002asr.csv,TiK,25.52,37.36,0.2625,1.1018,0.9333,1.0,368.45,24.05,1.24,15.32,14:37:10,28-Apr-2022
BPT-Cu005,3 002asr.csv,CuK,0.26,0.28,0.0026,1.0903,0.9328,1.0021,1.1,13.15,106.41,0.08,14:37:10,28-Apr-2022
BPT-Cu010,2 002asr.csv,O K,11.75,40.87,0.0296,1.2424,0.2029,1.0,84.64,3.25,2.52,26.04,14:22:20,28-Apr-2022
BPT-Cu010,2 002asr.csv,AlK,1.27,2.62,0.0054,1.1512,0.3683,1.0017,21.2,19.3,8.16,1.1,14:22:20,28-Apr-2022
BPT-Cu010,2 002asr.csv,SiK,1.83,3.63,0.0104,1.1949,0.4729,1.0027,37.65,23.4,5.46,1.61,14:22:20,28-Apr-2022
BPT-Cu010,2 002asr.csv,PbM,3.31,0.89,0.0253,0.8319,0.9186,1.0007,26.25,31.15,8.02,0.84,14:22:20,28-Apr-2022
BPT-Cu010,2 002asr.csv,BaL,56.65,22.96,0.5149,0.8871,1.0244,1.0002,344.03,20.45,1.28,16.82,14:22:20,28-Apr-2022
BPT-Cu010,2 002asr.csv,TiK,24.4,28.35,0.2466,1.067,0.9471,1.0001,411.7,20.25,1.15,20.33,14:22:20,28-Apr-2022
BPT-Cu010,2 002asr.csv,CuK,0.79,0.69,0.0078,1.0508,0.9403,1.0011,3.9,11.4,29.63,0.34,14:22:20,28-Apr-2022
BPT-Cu100,5 010asr.csv,O K,11.03,40.91,0.0287,1.2551,0.2071,1.0,91.41,5.65,2.48,16.18,15:14:27,28-Apr-2022
BPT-Cu100,5 010asr.csv,SiK,1.19,2.51,0.0067,1.2075,0.4645,1.0027,27.06,25.15,7.27,1.08,15:14:27,28-Apr-2022
BPT-Cu100,5 010asr.csv,PbM,3.99,1.14,0.0307,0.842,0.913,1.0007,35.6,34.8,6.44,1.02,15:14:27,28-Apr-2022
BPT-Cu100,5 010asr.csv,BaL,59.48,25.7,0.5448,0.897,1.0208,1.0003,407.01,26.05,1.18,15.62,15:14:27,28-Apr-2022
BPT-Cu100,5 010asr.csv,TiK,23.08,28.59,0.2349,1.0788,0.9434,1.0002,438.65,25.8,1.13,17.0,15:14:27,28-Apr-2022
BPT-Cu100,5 010asr.csv,CuK,1.23,1.15,0.0123,1.0644,0.9377,1.0012,6.85,13.6,19.05,0.5,15:14:27,28-Apr-2022
BPT-Cu300,4 002asr.csv,O K,12.01,43.46,0.0311,1.2509,0.2067,1.0001,103.33,3.4,2.27,30.39,14:52:17,28-Apr-2022
BPT-Cu300,4 002asr.csv,PbM,3.99,1.12,0.0308,0.8386,0.9199,1.0007,37.25,39.05,6.45,0.95,14:52:17,28-Apr-2022
BPT-Cu300,4 002asr.csv,BaL,57.36,24.18,0.5246,0.8937,1.0227,1.0007,409.15,29.7,1.18,13.78,14:52:17,28-Apr-2022
BPT-Cu300,4 002asr.csv,TiK,23.46,28.35,0.2384,1.0749,0.9449,1.0006,464.85,29.5,1.1,15.76,14:52:17,28-Apr-2022
BPT-Cu300,4 002asr.csv,CuK,3.17,2.89,0.0316,1.0598,0.9394,1.0013,18.45,12.8,8.04,1.44,14:52:17,28-Apr-2022
