measurement_id,technique,sample_id,repo_file,sheet,original_file,n_points,sha256,temperature_C_original,temperature_K_exact,temperature_K_display,stage,thermal_run,electrode,frequency_min_Hz,frequency_max_Hz,original_archive_member,original_sheet,source_csv_sha256,source_note
BPT_EDS,EDS,BPT,EDS/BPT_series_EDS_spectra.xlsx,BPT,1 008asr.spc,4020.0,,,,,,,,,,,,,
BPT_SEM_001,SEM,BPT,SEM/BPT/BPT_SEM_001.tif,,1_001.tif,,8198e26d0b408ee42e6871c16d87d0c400ae9d3df19215c4fda585e7ba623b72,,,,,,,,,,,,
BPT_SEM_002,SEM,BPT,SEM/BPT/BPT_SEM_002.tif,,1_002.tif,,2fdcb05710e8863a56e4d85e73b78724c3eb1fe965e4d0788ba00264c6ba2dd6,,,,,,,,,,,,
BPT_SEM_003,SEM,BPT,SEM/BPT/BPT_SEM_003.tif,,1_003.tif,,a76672d5dd0bc9114acdc9b21553d6189354d477542c9801f705805918a2328b,,,,,,,,,,,,
BPT_SEM_004,SEM,BPT,SEM/BPT/BPT_SEM_004.tif,,1_004.tif,,7cbb4139279ed3cfd43c8a2d0d79ca6edffa95f1d4838d54fd7fac38ba69a07a,,,,,,,,,,,,
BPT_SEM_005,SEM,BPT,SEM/BPT/BPT_SEM_005.tif,,1_005.tif,,b5e8a3eef811c9859ee5ff840ddfeca0738edca239e12a69a789f440001674b4,,,,,,,,,,,,
BPT_SEM_006,SEM,BPT,SEM/BPT/BPT_SEM_006.tif,,1_006.tif,,c0c00465900558b2fad715b73d5b6b545544982614c62ef32cb4397e7e713578,,,,,,,,,,,,
BPT_SEM_007,SEM,BPT,SEM/BPT/BPT_SEM_007.tif,,1_007.tif,,4ccc68956817156afa94015e9230c9acda22ab9f7c92b31d57ce5ecf464e9486,,,,,,,,,,,,
BPT_SEM_008,SEM,BPT,SEM/BPT/BPT_SEM_008.tif,,1_008.tif,,3017acb32508467d34db85ba2e83d7256f2aea27f30f2c2258a62d3c77883fee,,,,,,,,,,,,
BPT_SEM_009,SEM,BPT,SEM/BPT/BPT_SEM_009.tif,,1_009.tif,,ec569010251d21b6f488a49aa5030e84a1f16aee4419ec348c667630c9f06392,,,,,,,,,,,,
BPT-Cu005_EDS,EDS,BPT-Cu005,EDS/BPT_series_EDS_spectra.xlsx,BPT-Cu005,3 002asr.spc,4020.0,,,,,,,,,,,,,
BPT-Cu005_SEM_001,SEM,BPT-Cu005,SEM/BPT-Cu005/BPT-Cu005_SEM_001.tif,,3_001.tif,,a8e2aae553d6306b0a81f04955e0d5a4c229254655f797749f658bf17d63f090,,,,,,,,,,,,
BPT-Cu005_SEM_002,SEM,BPT-Cu005,SEM/BPT-Cu005/BPT-Cu005_SEM_002.tif,,3_002.tif,,01b5eb44384ceb670d1a6ce6adca4dbdfea53286cb5cb7a751c16f90cd17cf47,,,,,,,,,,,,
BPT-Cu005_SEM_003,SEM,BPT-Cu005,SEM/BPT-Cu005/BPT-Cu005_SEM_003.tif,,3_003.tif,,a2f2d1a607d1f7a3727458f520c640e5c493241fcf63d06f5fb3880c3fbe64f4,,,,,,,,,,,,
BPT-Cu005_SEM_004,SEM,BPT-Cu005,SEM/BPT-Cu005/BPT-Cu005_SEM_004.tif,,3_004.tif,,245034d21b363f152c1ea9eba9ec1443c660349fa737b2f05fed1f27481f7137,,,,,,,,,,,,
BPT-Cu005_SEM_005,SEM,BPT-Cu005,SEM/BPT-Cu005/BPT-Cu005_SEM_005.tif,,3_005.tif,,91f79ba40c68460cd7cebdd2e87954b58e73a6f78d6c0cd83ce36a2f5221074f,,,,,,,,,,,,
BPT-Cu005_SEM_006,SEM,BPT-Cu005,SEM/BPT-Cu005/BPT-Cu005_SEM_006.tif,,3_006.tif,,114bb5bee070ad1c055eca82f8482a918b6b2483828797a1ff6cb507019c1a61,,,,,,,,,,,,
BPT-Cu005_SEM_007,SEM,BPT-Cu005,SEM/BPT-Cu005/BPT-Cu005_SEM_007.tif,,3_007.tif,,6b2f4005338d81ab87f6e762e3a535e63756857ea53a0f6b7fe364613a48fac6,,,,,,,,,,,,
BPT-Cu005_SEM_008,SEM,BPT-Cu005,SEM/BPT-Cu005/BPT-Cu005_SEM_008.tif,,3_008.tif,,19fccde1683d14fa4d80e36dd562d1204aaf20e87ae34a1c18155ba38ec018c4,,,,,,,,,,,,
BPT-Cu005_SEM_009,SEM,BPT-Cu005,SEM/BPT-Cu005/BPT-Cu005_SEM_009.tif,,3_009.tif,,d95995d3e5a956d4283e1c6b63bf656335fffb59d899f5bb4c90bb6072b72917,,,,,,,,,,,,
BPT-Cu010_EDS,EDS,BPT-Cu010,EDS/BPT_series_EDS_spectra.xlsx,BPT-Cu010,2 002asr.spc,4020.0,,,,,,,,,,,,,
BPT-Cu010_SEM_001,SEM,BPT-Cu010,SEM/BPT-Cu010/BPT-Cu010_SEM_001.tif,,2_001.tif,,42e26d62cd201ea192728c37fb91dceacba4c28bbb999632e49021ad24f1252e,,,,,,,,,,,,
BPT-Cu010_SEM_002,SEM,BPT-Cu010,SEM/BPT-Cu010/BPT-Cu010_SEM_002.tif,,2_002.tif,,b78723e6b09e550700d34237b47b1fc4bb1455cf2a79792c6ae9083eec09b91a,,,,,,,,,,,,
BPT-Cu010_SEM_003,SEM,BPT-Cu010,SEM/BPT-Cu010/BPT-Cu010_SEM_003.tif,,2_003.tif,,a9c20022f8523ac22541a94d11aa081d6950270748af5387267c0e359102d2d1,,,,,,,,,,,,
BPT-Cu010_SEM_004,SEM,BPT-Cu010,SEM/BPT-Cu010/BPT-Cu010_SEM_004.tif,,2_004.tif,,ab1f5c8588d99680250633edfd28704e1c1036eebac48b7f6dd747c25b60cbeb,,,,,,,,,,,,
BPT-Cu010_SEM_005,SEM,BPT-Cu010,SEM/BPT-Cu010/BPT-Cu010_SEM_005.tif,,2_005.tif,,2e0b905caa39072131d562d45fd2cf785eeceb1b7c1fc26a208826528b877fce,,,,,,,,,,,,
BPT-Cu010_SEM_006,SEM,BPT-Cu010,SEM/BPT-Cu010/BPT-Cu010_SEM_006.tif,,2_006.tif,,440191c55b07039f9f204b2aca0f8c0a1cf85bcf575b563c4f69b1665b9551d3,,,,,,,,,,,,
BPT-Cu010_SEM_007,SEM,BPT-Cu010,SEM/BPT-Cu010/BPT-Cu010_SEM_007.tif,,2_007.tif,,dc7679618abd48bfc0c8bbb513e6fbe218e821f3c1b895f4e07b57c9ba561e33,,,,,,,,,,,,
BPT-Cu100_EDS,EDS,BPT-Cu100,EDS/BPT_series_EDS_spectra.xlsx,BPT-Cu100,5 010asr.spc,4020.0,,,,,,,,,,,,,
BPT-Cu100_SEM_001,SEM,BPT-Cu100,SEM/BPT-Cu100/BPT-Cu100_SEM_001.tif,,5_001.tif,,422ce35c8801c00434e699244ec668e8889d0c96c4ccfda51255cf1e640abdac,,,,,,,,,,,,
BPT-Cu100_SEM_002,SEM,BPT-Cu100,SEM/BPT-Cu100/BPT-Cu100_SEM_002.tif,,5_002.tif,,5b375299dfa862a48458a91ab3a2cd1349543a787e5318255e80cf38e58c890f,,,,,,,,,,,,
BPT-Cu100_SEM_003,SEM,BPT-Cu100,SEM/BPT-Cu100/BPT-Cu100_SEM_003.tif,,5_003.tif,,39a7183225ae1db113dcdf93fe06a8a8a6b8b76c474c9b6ec1ff05d1ffb15520,,,,,,,,,,,,
BPT-Cu100_SEM_004,SEM,BPT-Cu100,SEM/BPT-Cu100/BPT-Cu100_SEM_004.tif,,5_004.tif,,893b9f7144b6c2303cbded9eec6edde361c175f566c1e17f50b3afb134d1c97a,,,,,,,,,,,,
BPT-Cu100_SEM_005,SEM,BPT-Cu100,SEM/BPT-Cu100/BPT-Cu100_SEM_005.tif,,5_005.tif,,44fb0d63b09228400e3a2e75a0975be6cc215c896332620e918a3a5f11fe1c68,,,,,,,,,,,,
BPT-Cu100_SEM_006,SEM,BPT-Cu100,SEM/BPT-Cu100/BPT-Cu100_SEM_006.tif,,5_006.tif,,d0a7961d0d28d0ab1df815b97baab8dbb374a076c6d04941376b47bf728cb6f9,,,,,,,,,,,,
BPT-Cu100_SEM_007,SEM,BPT-Cu100,SEM/BPT-Cu100/BPT-Cu100_SEM_007.tif,,5_007.tif,,ed835b7796fa73b881d9dacb2d3e3813cabf95d6ed5b2c811a46816e64185552,,,,,,,,,,,,
BPT-Cu100_SEM_008,SEM,BPT-Cu100,SEM/BPT-Cu100/BPT-Cu100_SEM_008.tif,,5_008.tif,,ec8bfbb37fbfaef4e212960099951cb20c21682fd4db4694b59b872fbbbbd706,,,,,,,,,,,,
BPT-Cu100_SEM_009,SEM,BPT-Cu100,SEM/BPT-Cu100/BPT-Cu100_SEM_009.tif,,5_009.tif,,a33532cbe742f0ff6034bbc8e9f48ab4c1c5cb729a448ef9511d4c24609bfe48,,,,,,,,,,,,
BPT-Cu100_SEM_010,SEM,BPT-Cu100,SEM/BPT-Cu100/BPT-Cu100_SEM_010.tif,,5_010.tif,,bb0f6c3084aab3eb46b750460f68e5e55241e54a285224b7d0c040598d4da899,,,,,,,,,,,,
BPT-Cu300_EDS,EDS,BPT-Cu300,EDS/BPT_series_EDS_spectra.xlsx,BPT-Cu300,4 002asr.spc,4020.0,,,,,,,,,,,,,
BPT-Cu300_SEM_001,SEM,BPT-Cu300,SEM/BPT-Cu300/BPT-Cu300_SEM_001.tif,,4_001.tif,,4ab470e14a556f4150a422985e72be1975d1275cfa67088cff8a00a77e003e13,,,,,,,,,,,,
BPT-Cu300_SEM_002,SEM,BPT-Cu300,SEM/BPT-Cu300/BPT-Cu300_SEM_002.tif,,4_002.tif,,56c92e8e514af53ee34b6139c9c016e6d4592a5b6ce4491caed0ac378c304c13,,,,,,,,,,,,
BPT-Cu300_SEM_003,SEM,BPT-Cu300,SEM/BPT-Cu300/BPT-Cu300_SEM_003.tif,,4_003.tif,,98c853a3dc1b804c7f98a962732de0a31733c94d7852d641ed3cbefec8c052af,,,,,,,,,,,,
BPT-Cu300_SEM_004,SEM,BPT-Cu300,SEM/BPT-Cu300/BPT-Cu300_SEM_004.tif,,4_004.tif,,607169220d117c2c20b3844179bc55692597b534a60effed75a40bf0572968e8,,,,,,,,,,,,
BPT-Cu300_SEM_005,SEM,BPT-Cu300,SEM/BPT-Cu300/BPT-Cu300_SEM_005.tif,,4_005.tif,,b5b3c1b8d2d82618d7ecf2e55802f99b5598c55d2b2a6f456f15ae60fa2b5902,,,,,,,,,,,,
BPT-Cu300_SEM_006,SEM,BPT-Cu300,SEM/BPT-Cu300/BPT-Cu300_SEM_006.tif,,4_006.tif,,2eecf379ec597af5641cab963b1c4e26db0fe598e3f1c656512f29035b820b75,,,,,,,,,,,,
BPT-Cu300_SEM_007,SEM,BPT-Cu300,SEM/BPT-Cu300/BPT-Cu300_SEM_007.tif,,4_007.tif,,b121731851adeb1a807117bad97cc245248bf29c80920b9bc2a62f6cbd787bf7,,,,,,,,,,,,
BPT_Pt_A_473K_S1,EIS,BPT,EIS/BPT/BPT_Pt_A_S1_air.xlsx,473K,data/BPT_T200_S1.csv,321.0,,200.0,473.15,473.0,1.0,A,Pt,0.1,10000000.0,do publikacji UP/BPT; original acquisition October–November 2018,original SMaRT acquisition precision selected in CP4,2eafb7672eb24cf1076839dddb36f68af4bd762df3ebab0619ecaa39a0348435,
BPT_Pt_A_573K_S1,EIS,BPT,EIS/BPT/BPT_Pt_A_S1_air.xlsx,573K,data/BPT_T300_S1.csv,321.0,,300.0,573.15,573.0,1.0,A,Pt,0.1,10000000.0,do publikacji UP/BPT; original acquisition October–November 2018,original SMaRT acquisition precision selected in CP4,9a1ade7ebb3417cd3f834ece107e9e5d9069d60278983e7abe97a6883d79c5d2,
BPT_Pt_A_673K_S1,EIS,BPT,EIS/BPT/BPT_Pt_A_S1_air.xlsx,673K,data/BPT_T400_S1.csv,321.0,,400.0,673.15,673.0,1.0,A,Pt,0.1,10000000.0,do publikacji UP/BPT; original acquisition October–November 2018,original SMaRT acquisition precision selected in CP4,492dc3c6d479a834d64a9c82085a9d2c6c6936a8e07a79b158bd244b97beda1b,
BPT_Pt_A_773K_S1,EIS,BPT,EIS/BPT/BPT_Pt_A_S1_air.xlsx,773K,data/BPT_T500_S1.csv,321.0,,500.0,773.15,773.0,1.0,A,Pt,0.1,10000000.0,do publikacji UP/BPT; original acquisition October–November 2018,original SMaRT acquisition precision selected in CP4,efc1df206211a20518a7979a9409a3ccef2cb55cfaa239112722aa92c68ef679,
BPT_Pt_A_473K_S2,EIS,BPT,EIS/BPT/BPT_Pt_A_S2_NH3-Ar.xlsx,473K,data/BPT_T200_S2.csv,321.0,,200.0,473.15,473.0,2.0,A,Pt,0.1,10000000.0,do publikacji UP/BPT; original acquisition October–November 2018,original SMaRT acquisition precision selected in CP4,50de0bc50714dfbf953f285ff8c209b93bc332628cc734f24671202023602df1,
BPT_Pt_A_573K_S2,EIS,BPT,EIS/BPT/BPT_Pt_A_S2_NH3-Ar.xlsx,573K,data/BPT_T300_S2.csv,321.0,,300.0,573.15,573.0,2.0,A,Pt,0.1,10000000.0,do publikacji UP/BPT; original acquisition October–November 2018,original SMaRT acquisition precision selected in CP4,ac33b5a941cdd0b21fcdf57523435bea7e903a8d3c83bb8af8b0400eadcf1584,
BPT_Pt_A_673K_S2,EIS,BPT,EIS/BPT/BPT_Pt_A_S2_NH3-Ar.xlsx,673K,data/BPT_T400_S2.csv,321.0,,400.0,673.15,673.0,2.0,A,Pt,0.1,10000000.0,do publikacji UP/BPT; original acquisition October–November 2018,original SMaRT acquisition precision selected in CP4,2a91f6e070b4ed10cc9cd24ac2b39c656419cb8fe449ed05c83f70a74530b0e4,
BPT_Pt_A_773K_S2,EIS,BPT,EIS/BPT/BPT_Pt_A_S2_NH3-Ar.xlsx,773K,data/BPT_T500_S2.csv,321.0,,500.0,773.15,773.0,2.0,A,Pt,0.1,10000000.0,do publikacji UP/BPT; original acquisition October–November 2018,original SMaRT acquisition precision selected in CP4,1c0fcff509a54bf9c549629c281f3de54a476f792b29db98d13700ac9f0d1dff,
BPT_Pt_A_473K_S3,EIS,BPT,EIS/BPT/BPT_Pt_A_S3_air-after-NH3.xlsx,473K,data/BPT_T200_S3.csv,321.0,,200.0,473.15,473.0,3.0,A,Pt,0.1,10000000.0,do publikacji UP/BPT; original acquisition October–November 2018,original SMaRT acquisition precision selected in CP4,6ee72d3d97ab028061ce0901153403a78c66e85ea48962446fa03b9c1d3c94fa,
BPT_Pt_A_573K_S3,EIS,BPT,EIS/BPT/BPT_Pt_A_S3_air-after-NH3.xlsx,573K,data/BPT_T300_S3.csv,321.0,,300.0,573.15,573.0,3.0,A,Pt,0.1,10000000.0,do publikacji UP/BPT; original acquisition October–November 2018,original SMaRT acquisition precision selected in CP4,f0b79678a7725848ccb5d6d5d935bb1c7dec45d7dd1479c2761c852c1abb00ee,
BPT_Pt_A_673K_S3,EIS,BPT,EIS/BPT/BPT_Pt_A_S3_air-after-NH3.xlsx,673K,data/BPT_T400_S3.csv,321.0,,400.0,673.15,673.0,3.0,A,Pt,0.1,10000000.0,do publikacji UP/BPT; original acquisition October–November 2018,original SMaRT acquisition precision selected in CP4,b5855d2d32469f56584f7a20d1ca005bffe959bc41beff46deae5b71ed50ca8f,
BPT_Pt_A_773K_S3,EIS,BPT,EIS/BPT/BPT_Pt_A_S3_air-after-NH3.xlsx,773K,data/BPT_T500_S3.csv,321.0,,500.0,773.15,773.0,3.0,A,Pt,0.1,10000000.0,do publikacji UP/BPT; original acquisition October–November 2018,original SMaRT acquisition precision selected in CP4,d696864dfd3873ac9ae915cd57ee3975bb74553740b0ef56e5473b0eb1acae46,
BPT_Pt_A_473K_S4,EIS,BPT,EIS/BPT/BPT_Pt_A_S4_H2-Ar.xlsx,473K,data/BPT_T200_S4.csv,321.0,,200.0,473.15,473.0,4.0,A,Pt,0.1,10000000.0,do publikacji UP/BPT; original acquisition October–November 2018,original SMaRT acquisition precision selected in CP4,54194f3e979b5d25468a904645b35bcc58f7e39f3876f12b0129b61e8a23ade3,
BPT_Pt_A_573K_S4,EIS,BPT,EIS/BPT/BPT_Pt_A_S4_H2-Ar.xlsx,573K,data/BPT_T300_S4.csv,321.0,,300.0,573.15,573.0,4.0,A,Pt,0.1,10000000.0,do publikacji UP/BPT; original acquisition October–November 2018,original SMaRT acquisition precision selected in CP4,b3faf3a66925553e8b16c9cc08fd7012051fda8f1dff58a3b7888c08f875a075,
BPT_Pt_A_673K_S4,EIS,BPT,EIS/BPT/BPT_Pt_A_S4_H2-Ar.xlsx,673K,data/BPT_T400_S4.csv,321.0,,400.0,673.15,673.0,4.0,A,Pt,0.1,10000000.0,do publikacji UP/BPT; original acquisition October–November 2018,original SMaRT acquisition precision selected in CP4,002e075d7362c30d784de3d3a5f5892dad0baf726327952e132cdf6b7c86756d,
BPT_Pt_A_773K_S4,EIS,BPT,EIS/BPT/BPT_Pt_A_S4_H2-Ar.xlsx,773K,data/BPT_T500_S4.csv,321.0,,500.0,773.15,773.0,4.0,A,Pt,0.1,10000000.0,do publikacji UP/BPT; original acquisition October–November 2018,original SMaRT acquisition precision selected in CP4,baa0a2a691d4e2919634f465f7555e4c23363de70bd441b3eb5e8203047ae315,
BPT_Pt_A_473K_S5,EIS,BPT,EIS/BPT/BPT_Pt_A_S5_air-after-H2.xlsx,473K,data/BPT_T200_S5.csv,321.0,,200.0,473.15,473.0,5.0,A,Pt,0.1,10000000.0,do publikacji UP/BPT; original acquisition October–November 2018,original SMaRT acquisition precision selected in CP4,acfb0edeacbfefa210b82a020fe17fd9d1c25ccb9b6e281b7df610a0e0718844,
BPT_Pt_A_573K_S5,EIS,BPT,EIS/BPT/BPT_Pt_A_S5_air-after-H2.xlsx,573K,data/BPT_T300_S5.csv,321.0,,300.0,573.15,573.0,5.0,A,Pt,0.1,10000000.0,do publikacji UP/BPT; original acquisition October–November 2018,original SMaRT acquisition precision selected in CP4,a3ed1dc7ada3aa4d0ff46dc6bd49ba7dc3f7d24ac4394b5c2ecb077ffa96d3e7,
BPT_Pt_A_673K_S5,EIS,BPT,EIS/BPT/BPT_Pt_A_S5_air-after-H2.xlsx,673K,data/BPT_T400_S5.csv,321.0,,400.0,673.15,673.0,5.0,A,Pt,0.1,10000000.0,do publikacji UP/BPT; original acquisition October–November 2018,original SMaRT acquisition precision selected in CP4,ceae8856a4433b8466a3b0259d2af69ce25208ced017dff0e7b3bccddd175e71,
BPT_Pt_A_773K_S5,EIS,BPT,EIS/BPT/BPT_Pt_A_S5_air-after-H2.xlsx,773K,data/BPT_T500_S5.csv,321.0,,500.0,773.15,773.0,5.0,A,Pt,0.1,10000000.0,do publikacji UP/BPT; original acquisition October–November 2018,original SMaRT acquisition precision selected in CP4,0e3dc70c027b82120f09e3198d0c25e6e1461ce15bb075548eed05c870d62140,
BPT-Cu005_Pt_A_473K_S1,EIS,BPT-Cu005,EIS/BPT-Cu005/BPT-Cu005_Pt_A_S1_air.xlsx,473K,data/PT_BPTC005_T200_S1_A.csv,321.0,,200.0,473.15,473.0,1.0,A,Pt,0.1,10000000.0,"Dorota 20,11,18/PT/PTBPT_0.05CuO/Pt_PbTi_0,05CuO_Air/Pt_PbTi_0,05CuO_Air.xlsx",200,7af89254015c0f12566ad46ec9ab839fdcc5cd4a449fc69721aadd48af8f89fe,
BPT-Cu005_Pt_A_573K_S1,EIS,BPT-Cu005,EIS/BPT-Cu005/BPT-Cu005_Pt_A_S1_air.xlsx,573K,data/PT_BPTC005_T300_S1_A.csv,321.0,,300.0,573.15,573.0,1.0,A,Pt,0.1,10000000.0,"Dorota 20,11,18/PT/PTBPT_0.05CuO/Pt_PbTi_0,05CuO_Air/Pt_PbTi_0,05CuO_Air.xlsx",300,14c7a039f27f24f62c65af4d3050fa1e3d8502e7b14d2f9ae5adf929bb6bbfc1,
BPT-Cu005_Pt_A_673K_S1,EIS,BPT-Cu005,EIS/BPT-Cu005/BPT-Cu005_Pt_A_S1_air.xlsx,673K,data/PT_BPTC005_T400_S1_A.csv,321.0,,400.0,673.15,673.0,1.0,A,Pt,0.1,10000000.0,"Dorota 20,11,18/PT/PTBPT_0.05CuO/Pt_PbTi_0,05CuO_Air/Pt_PbTi_0,05CuO_Air.xlsx",400,a7b858bccb3a15778a20d91fb0c94920655bc30295bd7f9ba5eb196bd4f9d20d,
BPT-Cu005_Pt_A_723K_S1,EIS,BPT-Cu005,EIS/BPT-Cu005/BPT-Cu005_Pt_A_S1_air.xlsx,723K,data/PT_BPTC005_T450_S1_A.csv,321.0,,450.0,723.15,723.0,1.0,A,Pt,0.1,10000000.0,"Dorota 20,11,18/PT/PTBPT_0.05CuO/Pt_PbTi_0,05CuO_Air/Pt_PbTi_0,05CuO_Air.xlsx",450,a13e4be9c808f3c7a52de12242dddde38372226b4b0bec233eb9b64f903f058d,
BPT-Cu005_Pt_A_773K_S1,EIS,BPT-Cu005,EIS/BPT-Cu005/BPT-Cu005_Pt_A_S1_air.xlsx,773K,data/PT_BPTC005_T500_S1_A.csv,321.0,,500.0,773.15,773.0,1.0,A,Pt,0.1,10000000.0,"Dorota 20,11,18/PT/PTBPT_0.05CuO/Pt_PbTi_0,05CuO_Air/Pt_PbTi_0,05CuO_Air.xlsx",500,53122ce9b0b8f9010c93af80a9b9b1a3703e7dd883ba16978bd304f5ed8adae4,
BPT-Cu005_Pt_A_823K_S1,EIS,BPT-Cu005,EIS/BPT-Cu005/BPT-Cu005_Pt_A_S1_air.xlsx,823K,data/PT_BPTC005_T550_S1_A.csv,320.0,,550.0,823.15,823.0,1.0,A,Pt,0.1,10000000.0,"Dorota 20,11,18/PT/PTBPT_0.05CuO/Pt_PbTi_0,05CuO_Air/Pt_PbTi_0,05CuO_Air.xlsx",550,0bdf8e6b0e2e7807bb4dff43198ec4043092c6872c31168a1124f39a27b5f66a,
BPT-Cu005_Pt_A_873K_S1,EIS,BPT-Cu005,EIS/BPT-Cu005/BPT-Cu005_Pt_A_S1_air.xlsx,873K,data/PT_BPTC005_T600_S1_A.csv,319.0,,600.0,873.15,873.0,1.0,A,Pt,0.1,10000000.0,"Dorota 20,11,18/PT/PTBPT_0.05CuO/Pt_PbTi_0,05CuO_Air/Pt_PbTi_0,05CuO_Air.xlsx",600,4e479209105b13ddeccf73846433b2c02bbca23eeb9d8fad5c4e98848e91a3d6,
BPT-Cu005_Pt_A_473K_S2,EIS,BPT-Cu005,EIS/BPT-Cu005/BPT-Cu005_Pt_A_S2_NH3-Ar.xlsx,473K,data/PT_BPTC005_T200_S2_A.csv,321.0,,200.0,473.15,473.0,2.0,A,Pt,0.1,10000000.0,"Dorota 20,11,18/PT/PTBPT_0.05CuO/Pt_PbTi_0,05CuO_NH3/Pt_PbTi_0,05CuO_NH3.xlsx",200,28b1d341c836f5f5ab8063e351d5e372411a0f4e0568afa5a9947498fa2767da,
BPT-Cu005_Pt_A_573K_S2,EIS,BPT-Cu005,EIS/BPT-Cu005/BPT-Cu005_Pt_A_S2_NH3-Ar.xlsx,573K,data/PT_BPTC005_T300_S2_A.csv,321.0,,300.0,573.15,573.0,2.0,A,Pt,0.1,10000000.0,"Dorota 20,11,18/PT/PTBPT_0.05CuO/Pt_PbTi_0,05CuO_NH3/Pt_PbTi_0,05CuO_NH3n.xlsx",300,0c8c0419c30c28fa803bbbc4f62835d2871b0855a96c4010fb46ed6b4c890a41,
BPT-Cu005_Pt_A_673K_S2,EIS,BPT-Cu005,EIS/BPT-Cu005/BPT-Cu005_Pt_A_S2_NH3-Ar.xlsx,673K,data/PT_BPTC005_T400_S2_A.csv,321.0,,400.0,673.15,673.0,2.0,A,Pt,0.1,10000000.0,"Dorota 20,11,18/PT/PTBPT_0.05CuO/Pt_PbTi_0,05CuO_NH3/Pt_PbTi_0,05CuO_NH3n.xlsx",400,061987056ad03ec055546ee4a359537df33f7e407f41a973feaa15ce3be33dd7,
BPT-Cu005_Pt_A_723K_S2,EIS,BPT-Cu005,EIS/BPT-Cu005/BPT-Cu005_Pt_A_S2_NH3-Ar.xlsx,723K,data/PT_BPTC005_T450_S2_A.csv,321.0,,450.0,723.15,723.0,2.0,A,Pt,0.1,10000000.0,"Dorota 20,11,18/PT/PTBPT_0.05CuO/Pt_PbTi_0,05CuO_NH3/Pt_PbTi_0,05CuO_NH3n.xlsx",450,60599826ff32f1d9309f6399a962884fadc8f5e18cdf4c253558797e4d935b04,
BPT-Cu005_Pt_A_773K_S2,EIS,BPT-Cu005,EIS/BPT-Cu005/BPT-Cu005_Pt_A_S2_NH3-Ar.xlsx,773K,data/PT_BPTC005_T500_S2_A.csv,321.0,,500.0,773.15,773.0,2.0,A,Pt,0.1,10000000.0,"Dorota 20,11,18/PT/PTBPT_0.05CuO/Pt_PbTi_0,05CuO_NH3/Pt_PbTi_0,05CuO_NH3n.xlsx",500,1a24d46868dcf174e39ff985f735e9ef086e7120c68417fed62c0873038a6b79,
BPT-Cu005_Pt_A_823K_S2,EIS,BPT-Cu005,EIS/BPT-Cu005/BPT-Cu005_Pt_A_S2_NH3-Ar.xlsx,823K,data/PT_BPTC005_T550_S2_A.csv,321.0,,550.0,823.15,823.0,2.0,A,Pt,0.1,10000000.0,"Dorota 20,11,18/PT/PTBPT_0.05CuO/Pt_PbTi_0,05CuO_NH3/Pt_PbTi_0,05CuO_NH3n.xlsx",550,5156be82df4428619580d0711846a1ea5fd91e02bbbb7640ace8ad87a5af0953,
BPT-Cu005_Pt_A_873K_S2,EIS,BPT-Cu005,EIS/BPT-Cu005/BPT-Cu005_Pt_A_S2_NH3-Ar.xlsx,873K,data/PT_BPTC005_T600_S2_A.csv,321.0,,600.0,873.15,873.0,2.0,A,Pt,0.1,10000000.0,"Dorota 20,11,18/PT/PTBPT_0.05CuO/Pt_PbTi_0,05CuO_NH3/Pt_PbTi_0,05CuO_NH3n.xlsx",600,37b59aee5e426a126ac300cace99b5c8fa786213d1fa1731363b1aaf31751d82,
BPT-Cu005_Pt_A_473K_S3,EIS,BPT-Cu005,EIS/BPT-Cu005/BPT-Cu005_Pt_A_S3_air-after-NH3.xlsx,473K,data/PT_BPTC005_T200_S3_A.csv,321.0,,200.0,473.15,473.0,3.0,A,Pt,0.1,10000000.0,"Dorota 20,11,18/PT/PTBPT_0.05CuO/Pt_PbTi_0,05CuO_Air_po_NH3/Pt_PbTi_0,05CuO_Air_po_NH3.xlsx",200,5a0043b287eebfba5d5344a2e4e0bc63a18362d4c9c67e8840490ebf701f323d,
BPT-Cu005_Pt_A_573K_S3,EIS,BPT-Cu005,EIS/BPT-Cu005/BPT-Cu005_Pt_A_S3_air-after-NH3.xlsx,573K,data/PT_BPTC005_T300_S3_A.csv,321.0,,300.0,573.15,573.0,3.0,A,Pt,0.1,10000000.0,"Dorota 20,11,18/PT/PTBPT_0.05CuO/Pt_PbTi_0,05CuO_Air_po_NH3/Pt_PbTi_0,05CuO_Air_po_NH3.xlsx",300,04abd492737cd8cee789edc7883bfea8b00bc6bb9d691a8db0310f75d6c1413f,
BPT-Cu005_Pt_A_673K_S3,EIS,BPT-Cu005,EIS/BPT-Cu005/BPT-Cu005_Pt_A_S3_air-after-NH3.xlsx,673K,data/PT_BPTC005_T400_S3_A.csv,321.0,,400.0,673.15,673.0,3.0,A,Pt,0.1,10000000.0,"Dorota 20,11,18/PT/PTBPT_0.05CuO/Pt_PbTi_0,05CuO_Air_po_NH3/Pt_PbTi_0,05CuO_Air_po_NH3.xlsx",400,09954412be7014c43d002539916ef183a69bff6cbe90814064124978dea84d4f,
BPT-Cu005_Pt_A_723K_S3,EIS,BPT-Cu005,EIS/BPT-Cu005/BPT-Cu005_Pt_A_S3_air-after-NH3.xlsx,723K,data/PT_BPTC005_T450_S3_A.csv,321.0,,450.0,723.15,723.0,3.0,A,Pt,0.1,10000000.0,"Dorota 20,11,18/PT/PTBPT_0.05CuO/Pt_PbTi_0,05CuO_Air_po_NH3/Pt_PbTi_0,05CuO_Air_po_NH3.xlsx",450,2cfcfabb33beb418ff2d6033a1f8d0b8691324f44d7f76c691c3fc73b5f98289,
BPT-Cu005_Pt_A_773K_S3,EIS,BPT-Cu005,EIS/BPT-Cu005/BPT-Cu005_Pt_A_S3_air-after-NH3.xlsx,773K,data/PT_BPTC005_T500_S3_A.csv,321.0,,500.0,773.15,773.0,3.0,A,Pt,0.1,10000000.0,"Dorota 20,11,18/PT/PTBPT_0.05CuO/Pt_PbTi_0,05CuO_Air_po_NH3/Pt_PbTi_0,05CuO_Air_po_NH3.xlsx",500,bfc48a6a030b747dec994c3e2b7c41319717d803775a8c84b435b992fe094fff,
BPT-Cu005_Pt_A_823K_S3,EIS,BPT-Cu005,EIS/BPT-Cu005/BPT-Cu005_Pt_A_S3_air-after-NH3.xlsx,823K,data/PT_BPTC005_T550_S3_A.csv,321.0,,550.0,823.15,823.0,3.0,A,Pt,0.1,10000000.0,"Dorota 20,11,18/PT/PTBPT_0.05CuO/Pt_PbTi_0,05CuO_Air_po_NH3/Pt_PbTi_0,05CuO_Air_po_NH3.xlsx",550,89f665761f053ba07eb49eff5d0f8e321cbe55826b7d0b79040315b76b1eb8dd,
BPT-Cu005_Pt_A_873K_S3,EIS,BPT-Cu005,EIS/BPT-Cu005/BPT-Cu005_Pt_A_S3_air-after-NH3.xlsx,873K,data/PT_BPTC005_T600_S3_A.csv,318.0,,600.0,873.15,873.0,3.0,A,Pt,0.1,10000000.0,"Dorota 20,11,18/PT/PTBPT_0.05CuO/Pt_PbTi_0,05CuO_Air_po_NH3/Pt_PbTi_0,05CuO_Air_po_NH3.xlsx",600,3fc3a1fb5c40733346a363fecdcfa0e772b116a2b6eee78db1bcbb286fd2d405,
BPT-Cu005_Pt_A_473K_S4,EIS,BPT-Cu005,EIS/BPT-Cu005/BPT-Cu005_Pt_A_S4_H2-Ar.xlsx,473K,data/PT_BPTC005_T200_S4_A.csv,321.0,,200.0,473.15,473.0,4.0,A,Pt,0.1,10000000.0,"Dorota 20,11,18/PT/PTBPT_0.05CuO/Pt_PbTi_0,05CuO_10%H2+Ar/Pt_PbTi_0,05CuO_10%H2+Ar.xlsx",200,53e3c663bda08615a71077fa5501bbf1c3517be52226d173193f8d5cc9d05d96,
BPT-Cu005_Pt_A_573K_S4,EIS,BPT-Cu005,EIS/BPT-Cu005/BPT-Cu005_Pt_A_S4_H2-Ar.xlsx,573K,data/PT_BPTC005_T300_S4_A.csv,321.0,,300.0,573.15,573.0,4.0,A,Pt,0.1,10000000.0,"Dorota 20,11,18/PT/PTBPT_0.05CuO/Pt_PbTi_0,05CuO_10%H2+Ar/Pt_PbTi_0,05CuO_10%H2+Ar.xlsx",300,ef8de7fe873d05d9bc209de13c7fdaa3b3b12bd4bc3b72eb5669cec1934d5146,
BPT-Cu005_Pt_A_673K_S4,EIS,BPT-Cu005,EIS/BPT-Cu005/BPT-Cu005_Pt_A_S4_H2-Ar.xlsx,673K,data/PT_BPTC005_T400_S4_A.csv,321.0,,400.0,673.15,673.0,4.0,A,Pt,0.1,10000000.0,"Dorota 20,11,18/PT/PTBPT_0.05CuO/Pt_PbTi_0,05CuO_10%H2+Ar/Pt_PbTi_0,05CuO_10%H2+Ar.xlsx",400,edf5568a6775601e89523d64328bc4d98be020b5ef82a94580601300a8637457,
BPT-Cu005_Pt_A_723K_S4,EIS,BPT-Cu005,EIS/BPT-Cu005/BPT-Cu005_Pt_A_S4_H2-Ar.xlsx,723K,data/PT_BPTC005_T450_S4_A.csv,321.0,,450.0,723.15,723.0,4.0,A,Pt,0.1,10000000.0,"Dorota 20,11,18/PT/PTBPT_0.05CuO/Pt_PbTi_0,05CuO_10%H2+Ar/Pt_PbTi_0,05CuO_10%H2+Ar.xlsx",450,1c8bb03a4b3650017fa4868a422ae082b5c9cc6bae35fd3d3916112697a9a6f6,
BPT-Cu005_Pt_A_773K_S4,EIS,BPT-Cu005,EIS/BPT-Cu005/BPT-Cu005_Pt_A_S4_H2-Ar.xlsx,773K,data/PT_BPTC005_T500_S4_A.csv,321.0,,500.0,773.15,773.0,4.0,A,Pt,0.1,10000000.0,"Dorota 20,11,18/PT/PTBPT_0.05CuO/Pt_PbTi_0,05CuO_10%H2+Ar/Pt_PbTi_0,05CuO_10%H2+Ar.xlsx",500,98508d18579e8fed3f37f88bcd9293d2fa5b188878d2aa3afff65da032578a35,
BPT-Cu005_Pt_A_823K_S4,EIS,BPT-Cu005,EIS/BPT-Cu005/BPT-Cu005_Pt_A_S4_H2-Ar.xlsx,823K,data/PT_BPTC005_T550_S4_A.csv,321.0,,550.0,823.15,823.0,4.0,A,Pt,0.1,10000000.0,"Dorota 20,11,18/PT/PTBPT_0.05CuO/Pt_PbTi_0,05CuO_10%H2+Ar/Pt_PbTi_0,05CuO_10%H2+Ar.xlsx",550,54b31702b3b28c0295d91a4572a72fb3f2e64853484f535f91a6c5b4a341807b,
BPT-Cu005_Pt_A_873K_S4,EIS,BPT-Cu005,EIS/BPT-Cu005/BPT-Cu005_Pt_A_S4_H2-Ar.xlsx,873K,data/PT_BPTC005_T600_S4_A.csv,320.0,,600.0,873.15,873.0,4.0,A,Pt,0.1,10000000.0,"Dorota 20,11,18/PT/PTBPT_0.05CuO/Pt_PbTi_0,05CuO_10%H2+Ar/Pt_PbTi_0,05CuO_10%H2+Ar.xlsx",600,386344255166b891f1cca22cc9fe9ceeb489fa81de9d67ace9cc197dc30c188a,
BPT-Cu005_Pt_A_473K_S5,EIS,BPT-Cu005,EIS/BPT-Cu005/BPT-Cu005_Pt_A_S5_air-after-H2.xlsx,473K,data/PT_BPTC005_T200_S5_A.csv,321.0,,200.0,473.15,473.0,5.0,A,Pt,0.1,10000000.0,"Dorota 20,11,18/PT/PTBPT_0.05CuO/Pt_PbTi_0,05CuO_Air_po_10%H2+Ar/Pt_PbTi_0,05CuO_Air_po_10%H2+Ar.xlsx",200,455100fc56547544c6524171a7b52f89e0311291139431eaf2771e91fbfe4657,
BPT-Cu005_Pt_A_573K_S5,EIS,BPT-Cu005,EIS/BPT-Cu005/BPT-Cu005_Pt_A_S5_air-after-H2.xlsx,573K,data/PT_BPTC005_T300_S5_A.csv,321.0,,300.0,573.15,573.0,5.0,A,Pt,0.1,10000000.0,"Dorota 20,11,18/PT/PTBPT_0.05CuO/Pt_PbTi_0,05CuO_Air_po_10%H2+Ar/Pt_PbTi_0,05CuO_Air_po_10%H2+Ar.xlsx",300,54b59573887a8e3e032b276a5431ef80d9e03706497fee7904b9676b1ce0375a,
BPT-Cu005_Pt_A_673K_S5,EIS,BPT-Cu005,EIS/BPT-Cu005/BPT-Cu005_Pt_A_S5_air-after-H2.xlsx,673K,data/PT_BPTC005_T400_S5_A.csv,321.0,,400.0,673.15,673.0,5.0,A,Pt,0.1,10000000.0,"Dorota 20,11,18/PT/PTBPT_0.05CuO/Pt_PbTi_0,05CuO_Air_po_10%H2+Ar/Pt_PbTi_0,05CuO_Air_po_10%H2+Ar.xlsx",400,1f4d2cc9aa33916b42f7bbb6394ffd547204746ae65fdb8fa3a6d27efd04063c,
BPT-Cu005_Pt_A_723K_S5,EIS,BPT-Cu005,EIS/BPT-Cu005/BPT-Cu005_Pt_A_S5_air-after-H2.xlsx,723K,data/PT_BPTC005_T450_S5_A.csv,321.0,,450.0,723.15,723.0,5.0,A,Pt,0.1,10000000.0,"Dorota 20,11,18/PT/PTBPT_0.05CuO/Pt_PbTi_0,05CuO_Air_po_10%H2+Ar/Pt_PbTi_0,05CuO_Air_po_10%H2+Ar.xlsx",450,a0d2ceb374b61b91dd8cd54d1c8493865c045c1c68402b4d290f8d772a3945aa,
BPT-Cu005_Pt_A_773K_S5,EIS,BPT-Cu005,EIS/BPT-Cu005/BPT-Cu005_Pt_A_S5_air-after-H2.xlsx,773K,data/PT_BPTC005_T500_S5_A.csv,321.0,,500.0,773.15,773.0,5.0,A,Pt,0.1,10000000.0,"Dorota 20,11,18/PT/PTBPT_0.05CuO/Pt_PbTi_0,05CuO_Air_po_10%H2+Ar/Pt_PbTi_0,05CuO_Air_po_10%H2+Ar.xlsx",500,3cd328858ec38e5598ea3aeeba224dbe170fb5b0507f4ba1e070ba92becd0ac1,
BPT-Cu005_Pt_A_823K_S5,EIS,BPT-Cu005,EIS/BPT-Cu005/BPT-Cu005_Pt_A_S5_air-after-H2.xlsx,823K,data/PT_BPTC005_T550_S5_A.csv,321.0,,550.0,823.15,823.0,5.0,A,Pt,0.1,10000000.0,"Dorota 20,11,18/PT/PTBPT_0.05CuO/Pt_PbTi_0,05CuO_Air_po_10%H2+Ar/Pt_PbTi_0,05CuO_Air_po_10%H2+Ar.xlsx",550,eef89f8c976ccdf08372633d401911485e789d4d4d670276d3f189ecb876c9ea,
BPT-Cu005_Pt_A_873K_S5,EIS,BPT-Cu005,EIS/BPT-Cu005/BPT-Cu005_Pt_A_S5_air-after-H2.xlsx,873K,data/PT_BPTC005_T600_S5_A.csv,318.0,,600.0,873.15,873.0,5.0,A,Pt,0.1,10000000.0,"Dorota 20,11,18/PT/PTBPT_0.05CuO/Pt_PbTi_0,05CuO_Air_po_10%H2+Ar/Pt_PbTi_0,05CuO_Air_po_10%H2+Ar.xlsx",600,7a4b43d6fb3e256b4404af3f3263702d1b5e42b61a4f4db2dc77fa0a0a61eab4,
BPT-Cu010_Pt_A_473K_S1,EIS,BPT-Cu010,EIS/BPT-Cu010/BPT-Cu010_Pt_A_S1_air.xlsx,473K,data/PT_BPTC01_T200_S1_A.csv,321.0,,200.0,473.15,473.0,1.0,A,Pt,0.1,10000000.0,"Dorota 20,11,18/PT/PTBPT_0.1CuO/Pt_PbTi_0,1CuO_Air/Pt_PbTi_0,1CuO_Air.xlsx",200,df92b29967ca690ec3a0e17af97b3b730bcdf03406c346894686908bc911cdbf,
BPT-Cu010_Pt_A_573K_S1,EIS,BPT-Cu010,EIS/BPT-Cu010/BPT-Cu010_Pt_A_S1_air.xlsx,573K,data/PT_BPTC01_T300_S1_A.csv,321.0,,300.0,573.15,573.0,1.0,A,Pt,0.1,10000000.0,"Dorota 20,11,18/PT/PTBPT_0.1CuO/Pt_PbTi_0,1CuO_Air/Pt_PbTi_0,1CuO_Air.xlsx",300,dfda000c9671bf161b7b8bcfa944d9482317a0aa2937bbbb571411b9e9af3634,
BPT-Cu010_Pt_A_673K_S1,EIS,BPT-Cu010,EIS/BPT-Cu010/BPT-Cu010_Pt_A_S1_air.xlsx,673K,data/PT_BPTC01_T400_S1_A.csv,294.0,,400.0,673.15,673.0,1.0,A,Pt,0.4731513,10000000.0,"Dorota 20,11,18/PT/PTBPT_0.1CuO/Pt_PbTi_0,1CuO_Air/Pt_PbTi_0,1CuO_Air.xlsx",400,b51e5c2cbe095206994b25e581e2e3b9ffa98330b73714816188cb1749694665,
BPT-Cu010_Pt_A_723K_S1,EIS,BPT-Cu010,EIS/BPT-Cu010/BPT-Cu010_Pt_A_S1_air.xlsx,723K,data/PT_BPTC01_T450_S1_A.csv,321.0,,450.0,723.15,723.0,1.0,A,Pt,0.1,10000000.0,"Dorota 20,11,18/PT/PTBPT_0.1CuO/Pt_PbTi_0,1CuO_Air/Pt_PbTi_0,1CuO_Air.xlsx",450,df2de112cde12982ff9fc65664a0ca1c7b359725302361e7b715469509d38b96,
BPT-Cu010_Pt_A_773K_S1,EIS,BPT-Cu010,EIS/BPT-Cu010/BPT-Cu010_Pt_A_S1_air.xlsx,773K,data/PT_BPTC01_T500_S1_A.csv,316.0,,500.0,773.15,773.0,1.0,A,Pt,0.1,10000000.0,"Dorota 20,11,18/PT/PTBPT_0.1CuO/Pt_PbTi_0,1CuO_Air/Pt_PbTi_0,1CuO_Air.xlsx",500,a2a3fddda449d62ef5d4c1b8607bcecd914e934618895c750951799643782fd1,
BPT-Cu010_Pt_A_823K_S1,EIS,BPT-Cu010,EIS/BPT-Cu010/BPT-Cu010_Pt_A_S1_air.xlsx,823K,data/PT_BPTC01_T550_S1_A.csv,303.0,,550.0,823.15,823.0,1.0,A,Pt,0.1,10000000.0,"Dorota 20,11,18/PT/PTBPT_0.1CuO/Pt_PbTi_0,1CuO_Air/Pt_PbTi_0,1CuO_Air.xlsx",550,ff63caf9fc45dcf76b96367b4dc7d8b8239be7d5563c462a3ae21065d9df875e,
BPT-Cu010_Pt_A_873K_S1,EIS,BPT-Cu010,EIS/BPT-Cu010/BPT-Cu010_Pt_A_S1_air.xlsx,873K,data/PT_BPTC01_T600_S1_A.csv,312.0,,600.0,873.15,873.0,1.0,A,Pt,0.1,10000000.0,"Dorota 20,11,18/PT/PTBPT_0.1CuO/Pt_PbTi_0,1CuO_Air/Pt_PbTi_0,1CuO_Air.xlsx",600,b3a6657386cbceaa9700d3adc9a1d9d3e76ad2c4a4391460949072bd0b6f7b9d,
BPT-Cu010_Pt_B_473K_S1,EIS,BPT-Cu010,EIS/BPT-Cu010/BPT-Cu010_Pt_B_S1_air.xlsx,473K,data/PT_BPTC01_T200_S1_B.csv,321.0,,200.0,473.15,473.0,1.0,B,Pt,0.1,10000000.0,"Dorota 20,11,18/PT/PTBPT_0.1CuO/Pt_PbTi_0,1CuO_Air/Pt_PbTi_0,1CuO_Air.xlsx",200B,bfef3c8530d0eec3b5b64b2f1b19254378e03cd0bb19d1e017348b4fba7c4c54,
BPT-Cu010_Pt_B_573K_S1,EIS,BPT-Cu010,EIS/BPT-Cu010/BPT-Cu010_Pt_B_S1_air.xlsx,573K,data/PT_BPTC01_T300_S1_B.csv,321.0,,300.0,573.15,573.0,1.0,B,Pt,0.1,10000000.0,"Dorota 20,11,18/PT/PTBPT_0.1CuO/Pt_PbTi_0,1CuO_Air/Pt_PbTi_0,1CuO_Air.xlsx",300b,43107209a4becc91896a8a4d8dd07e582b55a748469c0f730e64e741d8da7fa5,
BPT-Cu010_Pt_B_673K_S1,EIS,BPT-Cu010,EIS/BPT-Cu010/BPT-Cu010_Pt_B_S1_air.xlsx,673K,data/PT_BPTC01_T400_S1_B.csv,321.0,,400.0,673.15,673.0,1.0,B,Pt,0.1,10000000.0,"Dorota 20,11,18/PT/PTBPT_0.1CuO/Pt_PbTi_0,1CuO_Air/Pt_PbTi_0,1CuO_Air.xlsx",400B,4926ccf545dcbb416680b4ae3e1ac12e71958520feac40fe2be48d6b7eb0cb7f,
BPT-Cu010_Pt_B_723K_S1,EIS,BPT-Cu010,EIS/BPT-Cu010/BPT-Cu010_Pt_B_S1_air.xlsx,723K,data/PT_BPTC01_T450_S1_B.csv,321.0,,450.0,723.15,723.0,1.0,B,Pt,0.1,10000000.0,"Dorota 20,11,18/PT/PTBPT_0.1CuO/Pt_PbTi_0,1CuO_Air/Pt_PbTi_0,1CuO_Air.xlsx",450B,3790aceab91cfa258626b9e66ad64ac0dcc47d5cef1ae1a88ea50f663322a83c,
BPT-Cu010_Pt_B_773K_S1,EIS,BPT-Cu010,EIS/BPT-Cu010/BPT-Cu010_Pt_B_S1_air.xlsx,773K,data/PT_BPTC01_T500_S1_B.csv,321.0,,500.0,773.15,773.0,1.0,B,Pt,0.1,10000000.0,"Dorota 20,11,18/PT/PTBPT_0.1CuO/Pt_PbTi_0,1CuO_Air/Pt_PbTi_0,1CuO_Air.xlsx",500B,b5b2426ff1e1583d5a69498762c246ab26a6704c254b4fb8e7f2d787e6a43815,
BPT-Cu010_Pt_B_823K_S1,EIS,BPT-Cu010,EIS/BPT-Cu010/BPT-Cu010_Pt_B_S1_air.xlsx,823K,data/PT_BPTC01_T550_S1_B.csv,301.0,,550.0,823.15,823.0,1.0,B,Pt,0.1,3162278.0,"Dorota 20,11,18/PT/PTBPT_0.1CuO/Pt_PbTi_0,1CuO_Air/Pt_PbTi_0,1CuO_Air.xlsx",550B,6b3f45b634d7740dd648d368f9cc934323e6919ad8a8ea5ec8378d3ccb7e3260,
BPT-Cu010_Pt_B_873K_S1,EIS,BPT-Cu010,EIS/BPT-Cu010/BPT-Cu010_Pt_B_S1_air.xlsx,873K,data/PT_BPTC01_T600_S1_B.csv,284.0,,600.0,873.15,873.0,1.0,B,Pt,0.1,1778280.0,"Dorota 20,11,18/PT/PTBPT_0.1CuO/Pt_PbTi_0,1CuO_Air/Pt_PbTi_0,1CuO_Air.xlsx",600B,8201d8640792db7292c1239f0f5af3b6cac2afec3459a70bcb96ced4eb0959ba,
BPT-Cu010_Pt_A_473K_S2,EIS,BPT-Cu010,EIS/BPT-Cu010/BPT-Cu010_Pt_A_S2_NH3-Ar.xlsx,473K,data/PT_BPTC01_T200_S2_A.csv,321.0,,200.0,473.15,473.0,2.0,A,Pt,0.1,10000000.0,"Dorota 20,11,18/PT/PTBPT_0.1CuO/Pt_PbTi_0,1CuO_NH3/PTBPT_0.1CuO_NH3.xlsx",200,9a2f4d1c2b9234226df46d8bd4cfb1b9ac1f4426c45337af9e8136d7e982597d,
BPT-Cu010_Pt_A_573K_S2,EIS,BPT-Cu010,EIS/BPT-Cu010/BPT-Cu010_Pt_A_S2_NH3-Ar.xlsx,573K,data/PT_BPTC01_T300_S2_A.csv,321.0,,300.0,573.15,573.0,2.0,A,Pt,0.1,10000000.0,"Dorota 20,11,18/PT/PTBPT_0.1CuO/Pt_PbTi_0,1CuO_NH3/PTBPT_0.1CuO_NH3.xlsx",300,ad8042cf3b71036540a3a1fe59c897fde67c0b76beaa9fd1a2e16e1cb5c2332e,
BPT-Cu010_Pt_A_673K_S2,EIS,BPT-Cu010,EIS/BPT-Cu010/BPT-Cu010_Pt_A_S2_NH3-Ar.xlsx,673K,data/PT_BPTC01_T400_S2_A.csv,321.0,,400.0,673.15,673.0,2.0,A,Pt,0.1,10000000.0,"Dorota 20,11,18/PT/PTBPT_0.1CuO/Pt_PbTi_0,1CuO_NH3/PTBPT_0.1CuO_NH3.xlsx",400,bd026f58d8f332678a56281f5b93c953cbcecbf2d6102979775391d43199e190,
BPT-Cu010_Pt_A_723K_S2,EIS,BPT-Cu010,EIS/BPT-Cu010/BPT-Cu010_Pt_A_S2_NH3-Ar.xlsx,723K,data/PT_BPTC01_T450_S2_A.csv,321.0,,450.0,723.15,723.0,2.0,A,Pt,0.1,10000000.0,"Dorota 20,11,18/PT/PTBPT_0.1CuO/Pt_PbTi_0,1CuO_NH3/PTBPT_0.1CuO_NH3.xlsx",450,8219a90cb02b2e4e1122882ee9d3b991f445a164ab02d523bfc8beab39e6ff77,
BPT-Cu010_Pt_A_773K_S2,EIS,BPT-Cu010,EIS/BPT-Cu010/BPT-Cu010_Pt_A_S2_NH3-Ar.xlsx,773K,data/PT_BPTC01_T500_S2_A.csv,321.0,,500.0,773.15,773.0,2.0,A,Pt,0.1,10000000.0,"Dorota 20,11,18/PT/PTBPT_0.1CuO/Pt_PbTi_0,1CuO_NH3/PTBPT_0.1CuO_NH3.xlsx",500,e6182022d23cbd811d98a808f9363939a4dfdd3a63d821ebff7c0688f662b1a3,
BPT-Cu010_Pt_A_823K_S2,EIS,BPT-Cu010,EIS/BPT-Cu010/BPT-Cu010_Pt_A_S2_NH3-Ar.xlsx,823K,data/PT_BPTC01_T550_S2_A.csv,321.0,,550.0,823.15,823.0,2.0,A,Pt,0.1,10000000.0,"Dorota 20,11,18/PT/PTBPT_0.1CuO/Pt_PbTi_0,1CuO_NH3/PTBPT_0.1CuO_NH3.xlsx",550,e641d0b84c2f67408b54f55df629511866a21af6131eacfc0b48609cc3a87bcb,
BPT-Cu010_Pt_A_873K_S2,EIS,BPT-Cu010,EIS/BPT-Cu010/BPT-Cu010_Pt_A_S2_NH3-Ar.xlsx,873K,data/PT_BPTC01_T600_S2_A.csv,299.0,,600.0,873.15,873.0,2.0,A,Pt,0.1,4731513.0,"Dorota 20,11,18/PT/PTBPT_0.1CuO/Pt_PbTi_0,1CuO_NH3/PTBPT_0.1CuO_NH3.xlsx",600,9500f19f1703b4e650add78b131c537f374d96869d9a18e3416138213785c410,
BPT-Cu010_Pt_A_473K_S3,EIS,BPT-Cu010,EIS/BPT-Cu010/BPT-Cu010_Pt_A_S3_air-after-NH3.xlsx,473K,data/PT_BPTC01_T200_S3_A.csv,321.0,,200.0,473.15,473.0,3.0,A,Pt,0.1,10000000.0,"Dorota 20,11,18/PT/PTBPT_0.1CuO/Pt_PbTi_0,1CuO_Air_po_NH3.dat/Pt_PbTi_0,1CuO_Air_po_NH3.xlsx",200,b9f8eb022034ceb019f639145f58a9a6feb6ea58fb12630189983ed033468a1e,
BPT-Cu010_Pt_A_573K_S3,EIS,BPT-Cu010,EIS/BPT-Cu010/BPT-Cu010_Pt_A_S3_air-after-NH3.xlsx,573K,data/PT_BPTC01_T300_S3_A.csv,321.0,,300.0,573.15,573.0,3.0,A,Pt,0.1,10000000.0,"Dorota 20,11,18/PT/PTBPT_0.1CuO/Pt_PbTi_0,1CuO_Air_po_NH3.dat/Pt_PbTi_0,1CuO_Air_po_NH3.xlsx",300,b818dee361edee22799eebf098bcabeb242c752b695435388d8a97245b37005f,
BPT-Cu010_Pt_A_673K_S3,EIS,BPT-Cu010,EIS/BPT-Cu010/BPT-Cu010_Pt_A_S3_air-after-NH3.xlsx,673K,data/PT_BPTC01_T400_S3_A.csv,321.0,,400.0,673.15,673.0,3.0,A,Pt,0.1,10000000.0,"Dorota 20,11,18/PT/PTBPT_0.1CuO/Pt_PbTi_0,1CuO_Air_po_NH3.dat/Pt_PbTi_0,1CuO_Air_po_NH3.xlsx",400,154f84de0e3a93f55ede9aefa03942f9394fa0b8478f279233a3dcddc241c612,
BPT-Cu010_Pt_A_773K_S3,EIS,BPT-Cu010,EIS/BPT-Cu010/BPT-Cu010_Pt_A_S3_air-after-NH3.xlsx,773K,data/PT_BPTC01_T500_S3_A.csv,305.0,,500.0,773.15,773.0,3.0,A,Pt,0.1,3981072.0,"Dorota 20,11,18/PT/PTBPT_0.1CuO/Pt_PbTi_0,1CuO_Air_po_NH3.dat/Pt_PbTi_0,1CuO_Air_po_NH3.xlsx",500,01d29fb6a427356f9611762fc7a5d940edf264954356363039e0c929f11c7a57,
BPT-Cu010_Pt_A_823K_S3,EIS,BPT-Cu010,EIS/BPT-Cu010/BPT-Cu010_Pt_A_S3_air-after-NH3.xlsx,823K,data/PT_BPTC01_T550_S3_A.csv,321.0,,550.0,823.15,823.0,3.0,A,Pt,0.1,10000000.0,"Dorota 20,11,18/PT/PTBPT_0.1CuO/Pt_PbTi_0,1CuO_Air_po_NH3.dat/Pt_PbTi_0,1CuO_Air_po_NH3.xlsx",550,c594a83e7e4f89b91af5ee256b2bf8773522a053a4c1149a9e461b150c952e0c,
BPT-Cu010_Pt_A_873K_S3,EIS,BPT-Cu010,EIS/BPT-Cu010/BPT-Cu010_Pt_A_S3_air-after-NH3.xlsx,873K,data/PT_BPTC01_T600_S3_A.csv,313.0,,600.0,873.15,873.0,3.0,A,Pt,0.1,10000000.0,"Dorota 20,11,18/PT/PTBPT_0.1CuO/Pt_PbTi_0,1CuO_Air_po_NH3.dat/Pt_PbTi_0,1CuO_Air_po_NH3.xlsx",600,352ec36bf2157a43681a36774131ef1c9cf812dabe8370a584ab8243faf2e68c,
BPT-Cu010_Pt_A_473K_S4,EIS,BPT-Cu010,EIS/BPT-Cu010/BPT-Cu010_Pt_A_S4_H2-Ar.xlsx,473K,data/PT_BPTC01_T200_S4_A.csv,321.0,,200.0,473.15,473.0,4.0,A,Pt,0.1,10000000.0,"Dorota 20,11,18/PT/PTBPT_0.1CuO/Pt_PbTi_0,1CuO_10%H2+Ar/Pt_PbTi_0,1CuO_10%H2+Ar.xlsx",200,20242ce37fdf049b6ef4fd1f31843edf2a18b90f1a5670a5fa0155872e0d0b55,
BPT-Cu010_Pt_A_573K_S4,EIS,BPT-Cu010,EIS/BPT-Cu010/BPT-Cu010_Pt_A_S4_H2-Ar.xlsx,573K,data/PT_BPTC01_T300_S4_A.csv,321.0,,300.0,573.15,573.0,4.0,A,Pt,0.1,10000000.0,"Dorota 20,11,18/PT/PTBPT_0.1CuO/Pt_PbTi_0,1CuO_10%H2+Ar/Pt_PbTi_0,1CuO_10%H2+Ar.xlsx",300,ba9f5e151f8f13af8b3fa9e26cdbada5eacc6f0a2450e7c575205f6f3a9f5de7,
BPT-Cu010_Pt_A_673K_S4,EIS,BPT-Cu010,EIS/BPT-Cu010/BPT-Cu010_Pt_A_S4_H2-Ar.xlsx,673K,data/PT_BPTC01_T400_S4_A.csv,321.0,,400.0,673.15,673.0,4.0,A,Pt,0.1,10000000.0,"Dorota 20,11,18/PT/PTBPT_0.1CuO/Pt_PbTi_0,1CuO_10%H2+Ar/Pt_PbTi_0,1CuO_10%H2+Ar.xlsx",400,1e6d6e2b5cbdcd6728aa4a0bf3542e0c371928428ae4a58d9ea38058e4e33811,
BPT-Cu010_Pt_A_723K_S4,EIS,BPT-Cu010,EIS/BPT-Cu010/BPT-Cu010_Pt_A_S4_H2-Ar.xlsx,723K,data/PT_BPTC01_T450_S4_A.csv,321.0,,450.0,723.15,723.0,4.0,A,Pt,0.1,10000000.0,"Dorota 20,11,18/PT/PTBPT_0.1CuO/Pt_PbTi_0,1CuO_10%H2+Ar/Pt_PbTi_0,1CuO_10%H2+Ar.xlsx",450,81dbb04a93518d63aa288d655e706a9037a0c6528433bb66a4fadb35d190af37,
BPT-Cu010_Pt_A_773K_S4,EIS,BPT-Cu010,EIS/BPT-Cu010/BPT-Cu010_Pt_A_S4_H2-Ar.xlsx,773K,data/PT_BPTC01_T500_S4_A.csv,321.0,,500.0,773.15,773.0,4.0,A,Pt,0.1,10000000.0,"Dorota 20,11,18/PT/PTBPT_0.1CuO/Pt_PbTi_0,1CuO_10%H2+Ar/Pt_PbTi_0,1CuO_10%H2+Ar.xlsx",500,835b538dd23690338e8c55ef4be2a44e69b1d996cad1e975144e5bcb1732b43b,
BPT-Cu010_Pt_A_823K_S4,EIS,BPT-Cu010,EIS/BPT-Cu010/BPT-Cu010_Pt_A_S4_H2-Ar.xlsx,823K,data/PT_BPTC01_T550_S4_A.csv,282.0,,550.0,823.15,823.0,4.0,A,Pt,0.7079458,8413952.0,"Dorota 20,11,18/PT/PTBPT_0.1CuO/Pt_PbTi_0,1CuO_10%H2+Ar/Pt_PbTi_0,1CuO_10%H2+Ar.xlsx",550,e2ad268fd60fefcb969185553407990e43d2cd5e7d2d3f701b9149955f6d9cd9,
BPT-Cu010_Pt_A_873K_S4,EIS,BPT-Cu010,EIS/BPT-Cu010/BPT-Cu010_Pt_A_S4_H2-Ar.xlsx,873K,data/PT_BPTC01_T600_S4_A.csv,318.0,,600.0,873.15,873.0,4.0,A,Pt,0.1,8413952.0,"Dorota 20,11,18/PT/PTBPT_0.1CuO/Pt_PbTi_0,1CuO_10%H2+Ar/Pt_PbTi_0,1CuO_10%H2+Ar.xlsx",600,7278ec5dd197d70f6672b12cfc5dafc346d170fc9c74aa9475219cf3f5963930,
BPT-Cu010_Pt_A_473K_S5,EIS,BPT-Cu010,EIS/BPT-Cu010/BPT-Cu010_Pt_A_S5_air-after-H2.xlsx,473K,data/PT_BPTC01_T200_S5_A.csv,321.0,,200.0,473.15,473.0,5.0,A,Pt,0.1,10000000.0,"Dorota 20,11,18/PT/PTBPT_0.1CuO/Pt_PbTi_0,1CuO_Air po 10%H2+Ar/Pt_PbTi_0,1CuO_Air po 10%H2+Ar.xlsx",200,9a0e350b5c8f989927a1584969566f4b27c48d9940e989b2d9e54a63e182f09a,
BPT-Cu010_Pt_A_573K_S5,EIS,BPT-Cu010,EIS/BPT-Cu010/BPT-Cu010_Pt_A_S5_air-after-H2.xlsx,573K,data/PT_BPTC01_T300_S5_A.csv,321.0,,300.0,573.15,573.0,5.0,A,Pt,0.1,10000000.0,"Dorota 20,11,18/PT/PTBPT_0.1CuO/Pt_PbTi_0,1CuO_Air po 10%H2+Ar/Pt_PbTi_0,1CuO_Air po 10%H2+Ar.xlsx",300,e20e70b9b028bf469424140108bc53d7fa0738357023d535f4bad5272608a9c5,
BPT-Cu010_Pt_A_673K_S5,EIS,BPT-Cu010,EIS/BPT-Cu010/BPT-Cu010_Pt_A_S5_air-after-H2.xlsx,673K,data/PT_BPTC01_T400_S5_A.csv,321.0,,400.0,673.15,673.0,5.0,A,Pt,0.1,10000000.0,"Dorota 20,11,18/PT/PTBPT_0.1CuO/Pt_PbTi_0,1CuO_Air po 10%H2+Ar/Pt_PbTi_0,1CuO_Air po 10%H2+Ar.xlsx",400,64c91d11f503d236d31bc5a67a746cd22bb00dfaafd399576a86fbc8f072046f,
BPT-Cu010_Pt_A_723K_S5,EIS,BPT-Cu010,EIS/BPT-Cu010/BPT-Cu010_Pt_A_S5_air-after-H2.xlsx,723K,data/PT_BPTC01_T450_S5_A.csv,311.0,,450.0,723.15,723.0,5.0,A,Pt,0.1,5623413.0,"Dorota 20,11,18/PT/PTBPT_0.1CuO/Pt_PbTi_0,1CuO_Air po 10%H2+Ar/Pt_PbTi_0,1CuO_Air po 10%H2+Ar.xlsx",450,b263bddc3246772477df215d0bfc86b3ba354ad44152f202fe46de8d275a16ee,
BPT-Cu010_Pt_A_773K_S5,EIS,BPT-Cu010,EIS/BPT-Cu010/BPT-Cu010_Pt_A_S5_air-after-H2.xlsx,773K,data/PT_BPTC01_T500_S5_A.csv,311.0,,500.0,773.15,773.0,5.0,A,Pt,0.1,5623413.0,"Dorota 20,11,18/PT/PTBPT_0.1CuO/Pt_PbTi_0,1CuO_Air po 10%H2+Ar/Pt_PbTi_0,1CuO_Air po 10%H2+Ar.xlsx",500,59099b77e57c1df9c103d9d20f9b49a289403783006e12dff666fa0ce24dbc66,
BPT-Cu010_Pt_A_823K_S5,EIS,BPT-Cu010,EIS/BPT-Cu010/BPT-Cu010_Pt_A_S5_air-after-H2.xlsx,823K,data/PT_BPTC01_T550_S5_A.csv,288.0,,550.0,823.15,823.0,5.0,A,Pt,0.1,4466836.0,"Dorota 20,11,18/PT/PTBPT_0.1CuO/Pt_PbTi_0,1CuO_Air po 10%H2+Ar/Pt_PbTi_0,1CuO_Air po 10%H2+Ar.xlsx",550,46080a435cc78be6dfbf20f7edbe4e44ffc83a14a6a671036e45e0052b6ece68,
BPT-Cu010_Pt_A_873K_S5,EIS,BPT-Cu010,EIS/BPT-Cu010/BPT-Cu010_Pt_A_S5_air-after-H2.xlsx,873K,data/PT_BPTC01_T600_S5_A.csv,290.0,,600.0,873.15,873.0,5.0,A,Pt,0.1,2818383.0,"Dorota 20,11,18/PT/PTBPT_0.1CuO/Pt_PbTi_0,1CuO_Air po 10%H2+Ar/Pt_PbTi_0,1CuO_Air po 10%H2+Ar.xlsx",600,5af82d4a168a6ddaee72cc41e6b7d55c268283bdcca194e8d343df97c05b886f,
BPT-Cu100_Pt_A_473K_S1,EIS,BPT-Cu100,EIS/BPT-Cu100/BPT-Cu100_Pt_A_S1_air.xlsx,473K,data/PT_BPTC1_T200_S1_A.csv,321.0,,200.0,473.15,473.0,1.0,A,Pt,0.1,10000000.0,"Dorota 20,11,18/PT/PTBPT_1CuO/Pt_PbTi_1,0CuO_Air/Pt_PbTi_1,0CuO_Air.xlsx",200,d6b6e8e7d15643ae4079ac35c41e0e944fbc9596c4f50059d06396e4a5d6dd2a,
BPT-Cu100_Pt_A_573K_S1,EIS,BPT-Cu100,EIS/BPT-Cu100/BPT-Cu100_Pt_A_S1_air.xlsx,573K,data/PT_BPTC1_T300_S1_A.csv,321.0,,300.0,573.15,573.0,1.0,A,Pt,0.1,10000000.0,"Dorota 20,11,18/PT/PTBPT_1CuO/Pt_PbTi_1,0CuO_Air/Pt_PbTi_1,0CuO_Air.xlsx",300,332388a3ec8506994b92e1a79798ede09cd4b399f5b4e7f83fa010c222712f95,
BPT-Cu100_Pt_A_673K_S1,EIS,BPT-Cu100,EIS/BPT-Cu100/BPT-Cu100_Pt_A_S1_air.xlsx,673K,data/PT_BPTC1_T400_S1_A.csv,321.0,,400.0,673.15,673.0,1.0,A,Pt,0.1,10000000.0,"Dorota 20,11,18/PT/PTBPT_1CuO/Pt_PbTi_1,0CuO_Air/Pt_PbTi_1,0CuO_Air.xlsx",400,2220f7d3b052dff4c513a3a5a6c662d56812177e892466b577ae0cd280a410c0,
BPT-Cu100_Pt_A_723K_S1,EIS,BPT-Cu100,EIS/BPT-Cu100/BPT-Cu100_Pt_A_S1_air.xlsx,723K,data/PT_BPTC1_T450_S1_A.csv,304.0,,450.0,723.15,723.0,1.0,A,Pt,0.1,3758374.0,"Dorota 20,11,18/PT/PTBPT_1CuO/Pt_PbTi_1,0CuO_Air/Pt_PbTi_1,0CuO_Air.xlsx",450,28609321deebbde12ec69768e36329793a836e912ce1b6671016b2b7a97c55bd,
BPT-Cu100_Pt_A_773K_S1,EIS,BPT-Cu100,EIS/BPT-Cu100/BPT-Cu100_Pt_A_S1_air.xlsx,773K,data/PT_BPTC1_T500_S1_A.csv,293.0,,500.0,773.15,773.0,1.0,A,Pt,0.1,1995262.0,"Dorota 20,11,18/PT/PTBPT_1CuO/Pt_PbTi_1,0CuO_Air/Pt_PbTi_1,0CuO_Air.xlsx",500,761dc24c78c8c6c67ec7fcbf11adb9a2fb3c5add35128c5991f18b903b14be72,
BPT-Cu100_Pt_A_823K_S1,EIS,BPT-Cu100,EIS/BPT-Cu100/BPT-Cu100_Pt_A_S1_air.xlsx,823K,data/PT_BPTC1_T550_S1_A.csv,321.0,,550.0,823.15,823.0,1.0,A,Pt,0.1,10000000.0,"Dorota 20,11,18/PT/PTBPT_1CuO/Pt_PbTi_1,0CuO_Air/Pt_PbTi_1,0CuO_Air.xlsx",550,8c407643e743fde784b73b551596b302ecc3eed890be28d86389f0fa92f57ecf,
BPT-Cu100_Pt_A_873K_S1,EIS,BPT-Cu100,EIS/BPT-Cu100/BPT-Cu100_Pt_A_S1_air.xlsx,873K,data/PT_BPTC1_T600_S1_A.csv,321.0,,600.0,873.15,873.0,1.0,A,Pt,0.1,10000000.0,"Dorota 20,11,18/PT/PTBPT_1CuO/Pt_PbTi_1,0CuO_Air/Pt_PbTi_1,0CuO_Air.xlsx",600,27ca070dfd75c765d186d286875e1d2b8d676fe4f677219541280ed3905f0c26,
BPT-Cu100_Pt_A_473K_S2,EIS,BPT-Cu100,EIS/BPT-Cu100/BPT-Cu100_Pt_A_S2_NH3-Ar.xlsx,473K,data/PT_BPTC1_T200_S2_A.csv,321.0,,200.0,473.15,473.0,2.0,A,Pt,0.1,10000000.0,"Dorota 20,11,18/PT/PTBPT_1CuO/Pt_PbTi_1,0CuO_NH3/Pt_PbTi_1,0CuO_NH3.xlsx",200,4002aadb98a2ad430c3f852c7cdc01363d2019c084add615106bf6280f5626b6,
BPT-Cu100_Pt_A_573K_S2,EIS,BPT-Cu100,EIS/BPT-Cu100/BPT-Cu100_Pt_A_S2_NH3-Ar.xlsx,573K,data/PT_BPTC1_T300_S2_A.csv,321.0,,300.0,573.15,573.0,2.0,A,Pt,0.1,10000000.0,"Dorota 20,11,18/PT/PTBPT_1CuO/Pt_PbTi_1,0CuO_NH3/Pt_PbTi_1,0CuO_NH3.xlsx",300,21be3affa0026e4c10447102dacbbc29efcc252b0e377b0f92c4da0fe0c8f022,
BPT-Cu100_Pt_A_673K_S2,EIS,BPT-Cu100,EIS/BPT-Cu100/BPT-Cu100_Pt_A_S2_NH3-Ar.xlsx,673K,data/PT_BPTC1_T400_S2_A.csv,321.0,,400.0,673.15,673.0,2.0,A,Pt,0.1,10000000.0,"Dorota 20,11,18/PT/PTBPT_1CuO/Pt_PbTi_1,0CuO_NH3/Pt_PbTi_1,0CuO_NH3.xlsx",400,bcf8e9ab5110be44bef912f14abc6d4ad7d165d39e7e7f0b1a4e998600318199,
BPT-Cu100_Pt_A_723K_S2,EIS,BPT-Cu100,EIS/BPT-Cu100/BPT-Cu100_Pt_A_S2_NH3-Ar.xlsx,723K,data/PT_BPTC1_T450_S2_A.csv,321.0,,450.0,723.15,723.0,2.0,A,Pt,0.1,10000000.0,"Dorota 20,11,18/PT/PTBPT_1CuO/Pt_PbTi_1,0CuO_NH3/Pt_PbTi_1,0CuO_NH3.xlsx",450,5906356ffca3463ff9b66957731b88ecdddfbc38fd8d2b14c2e052094875c918,
BPT-Cu100_Pt_A_773K_S2,EIS,BPT-Cu100,EIS/BPT-Cu100/BPT-Cu100_Pt_A_S2_NH3-Ar.xlsx,773K,data/PT_BPTC1_T500_S2_A.csv,321.0,,500.0,773.15,773.0,2.0,A,Pt,0.1,10000000.0,"Dorota 20,11,18/PT/PTBPT_1CuO/Pt_PbTi_1,0CuO_NH3/Pt_PbTi_1,0CuO_NH3.xlsx",500,8d097b734361873bb0022bf12cdf101460cd8f46a721c00034471dd4e5c3f8c8,
BPT-Cu100_Pt_A_823K_S2,EIS,BPT-Cu100,EIS/BPT-Cu100/BPT-Cu100_Pt_A_S2_NH3-Ar.xlsx,823K,data/PT_BPTC1_T550_S2_A.csv,319.0,,550.0,823.15,823.0,2.0,A,Pt,0.1,10000000.0,"Dorota 20,11,18/PT/PTBPT_1CuO/Pt_PbTi_1,0CuO_NH3/Pt_PbTi_1,0CuO_NH3.xlsx",550,0f0f384b749924fbcaf55dc5fc79526dd9acea3d397ee4e35e991fb61c00374f,
BPT-Cu100_Pt_A_873K_S2,EIS,BPT-Cu100,EIS/BPT-Cu100/BPT-Cu100_Pt_A_S2_NH3-Ar.xlsx,873K,data/PT_BPTC1_T600_S2_A.csv,321.0,,600.0,873.15,873.0,2.0,A,Pt,0.1,10000000.0,"Dorota 20,11,18/PT/PTBPT_1CuO/Pt_PbTi_1,0CuO_NH3/Pt_PbTi_1,0CuO_NH3.xlsx",600,9207b438b7f6e9392a9a3e267231cc31748b6df19ab05b90a3d8f576b2a48c2a,
BPT-Cu100_Pt_A_473K_S3,EIS,BPT-Cu100,EIS/BPT-Cu100/BPT-Cu100_Pt_A_S3_air-after-NH3.xlsx,473K,data/PT_BPTC1_T200_S3_A.csv,321.0,,200.0,473.15,473.0,3.0,A,Pt,0.1,10000000.0,"Dorota 20,11,18/PT/PTBPT_1CuO/Pt_PbTi_1,0CuO_Air_po_NH3/Pt_PbTi_1,0CuO_Air_po_NH3.xlsx",200,4c482a0516bcff9fca6864260d82979c45845bb733e3028066f8ebcc843a2ba4,
BPT-Cu100_Pt_A_573K_S3,EIS,BPT-Cu100,EIS/BPT-Cu100/BPT-Cu100_Pt_A_S3_air-after-NH3.xlsx,573K,data/PT_BPTC1_T300_S3_A.csv,321.0,,300.0,573.15,573.0,3.0,A,Pt,0.1,10000000.0,"Dorota 20,11,18/PT/PTBPT_1CuO/Pt_PbTi_1,0CuO_Air_po_NH3/Pt_PbTi_1,0CuO_Air_po_NH3.xlsx",300,d157758d3293ef12e7d7632dba8e85214702357a9e9ccab6511366ec2cc2e002,
BPT-Cu100_Pt_A_673K_S3,EIS,BPT-Cu100,EIS/BPT-Cu100/BPT-Cu100_Pt_A_S3_air-after-NH3.xlsx,673K,data/PT_BPTC1_T400_S3_A.csv,321.0,,400.0,673.15,673.0,3.0,A,Pt,0.1,10000000.0,"Dorota 20,11,18/PT/PTBPT_1CuO/Pt_PbTi_1,0CuO_Air_po_NH3/Pt_PbTi_1,0CuO_Air_po_NH3.xlsx",400,3b4a2cf45e50c11faeb7eaddb3f94583b8da95d2253714439b96bd757e7a512d,
BPT-Cu100_Pt_A_723K_S3,EIS,BPT-Cu100,EIS/BPT-Cu100/BPT-Cu100_Pt_A_S3_air-after-NH3.xlsx,723K,data/PT_BPTC1_T450_S3_A.csv,321.0,,450.0,723.15,723.0,3.0,A,Pt,0.1,10000000.0,"Dorota 20,11,18/PT/PTBPT_1CuO/Pt_PbTi_1,0CuO_Air_po_NH3/Pt_PbTi_1,0CuO_Air_po_NH3.xlsx",450,08bad0ab9ea26842031ef258bb52164d34dee004afc9d85f6f3a9353c3c6d156,
BPT-Cu100_Pt_A_773K_S3,EIS,BPT-Cu100,EIS/BPT-Cu100/BPT-Cu100_Pt_A_S3_air-after-NH3.xlsx,773K,data/PT_BPTC1_T500_S3_A.csv,321.0,,500.0,773.15,773.0,3.0,A,Pt,0.1,10000000.0,"Dorota 20,11,18/PT/PTBPT_1CuO/Pt_PbTi_1,0CuO_Air_po_NH3/Pt_PbTi_1,0CuO_Air_po_NH3.xlsx",500,dcb9fc2602daf6dc721c2c573df7c2237664f5da10bcf1d8754ee5df98e87a6a,
BPT-Cu100_Pt_A_823K_S3,EIS,BPT-Cu100,EIS/BPT-Cu100/BPT-Cu100_Pt_A_S3_air-after-NH3.xlsx,823K,data/PT_BPTC1_T550_S3_A.csv,321.0,,550.0,823.15,823.0,3.0,A,Pt,0.1,10000000.0,,,9f986dbfafbbe06b01f64662f77ed70fc7caa233cdba3db0904570d061a2728e,
BPT-Cu100_Pt_A_873K_S3,EIS,BPT-Cu100,EIS/BPT-Cu100/BPT-Cu100_Pt_A_S3_air-after-NH3.xlsx,873K,data/PT_BPTC1_T600_S3_A.csv,321.0,,600.0,873.15,873.0,3.0,A,Pt,0.1,10000000.0,"Dorota 20,11,18/PT/PTBPT_1CuO/Pt_PbTi_1,0CuO_Air_po_NH3/Pt_PbTi_1,0CuO_Air_po_NH3.xlsx",600,60d258a0026b7462ebb83acad28029a62ba2c27d33be18da127cc7fc8195b492,
BPT-Cu100_Pt_A_473K_S4,EIS,BPT-Cu100,EIS/BPT-Cu100/BPT-Cu100_Pt_A_S4_H2-Ar.xlsx,473K,data/PT_BPTC1_T200_S4_A.csv,301.0,,200.0,473.15,473.0,4.0,A,Pt,0.1,3162278.0,"Dorota 20,11,18/PT/PTBPT_1CuO/Pt_PbTi_1,0CuO_10%H2+Ar/Pt_PbTi_1,0CuO_10%H2+Ar.xlsx",200,ba64eed26f11e10a700755608cbcd686dcea91212db3c74f5898d8113605821c,
BPT-Cu100_Pt_A_573K_S4,EIS,BPT-Cu100,EIS/BPT-Cu100/BPT-Cu100_Pt_A_S4_H2-Ar.xlsx,573K,data/PT_BPTC1_T300_S4_A.csv,301.0,,300.0,573.15,573.0,4.0,A,Pt,0.1,3162278.0,"Dorota 20,11,18/PT/PTBPT_1CuO/Pt_PbTi_1,0CuO_10%H2+Ar/Pt_PbTi_1,0CuO_10%H2+Ar.xlsx",300,65ee27fbc4d12f87dcb635334e3e65e19e9329ec96e0e09bd5aeff41a436a1ec,
BPT-Cu100_Pt_A_673K_S4,EIS,BPT-Cu100,EIS/BPT-Cu100/BPT-Cu100_Pt_A_S4_H2-Ar.xlsx,673K,data/PT_BPTC1_T400_S4_A.csv,303.0,,400.0,673.15,673.0,4.0,A,Pt,0.1,3548134.0,"Dorota 20,11,18/PT/PTBPT_1CuO/Pt_PbTi_1,0CuO_10%H2+Ar/Pt_PbTi_1,0CuO_10%H2+Ar.xlsx",400,f95de640d492d704f04123a3fcb685686d947b0f280563836c261fde342cb62e,
BPT-Cu100_Pt_A_723K_S4,EIS,BPT-Cu100,EIS/BPT-Cu100/BPT-Cu100_Pt_A_S4_H2-Ar.xlsx,723K,data/PT_BPTC1_T450_S4_A.csv,321.0,,450.0,723.15,723.0,4.0,A,Pt,0.1,10000000.0,"Dorota 20,11,18/PT/PTBPT_1CuO/Pt_PbTi_1,0CuO_10%H2+Ar/Pt_PbTi_1,0CuO_10%H2+Ar.xlsx",450,530e1fdd8afd4fad3be9a2bf1c762c244e730b70fd731ec6a899808b65ff044e,
BPT-Cu100_Pt_A_773K_S4,EIS,BPT-Cu100,EIS/BPT-Cu100/BPT-Cu100_Pt_A_S4_H2-Ar.xlsx,773K,data/PT_BPTC1_T500_S4_A.csv,321.0,,500.0,773.15,773.0,4.0,A,Pt,0.1,10000000.0,"Dorota 20,11,18/PT/PTBPT_1CuO/Pt_PbTi_1,0CuO_10%H2+Ar/Pt_PbTi_1,0CuO_10%H2+Ar.xlsx",500,c583dee772981a4767fb3d2ad6ea7061e1199181b6a5dd1049b3e8af0f913c39,
BPT-Cu100_Pt_A_823K_S4,EIS,BPT-Cu100,EIS/BPT-Cu100/BPT-Cu100_Pt_A_S4_H2-Ar.xlsx,823K,data/PT_BPTC1_T550_S4_A.csv,321.0,,550.0,823.15,823.0,4.0,A,Pt,0.1,10000000.0,"Dorota 20,11,18/PT/PTBPT_1CuO/Pt_PbTi_1,0CuO_10%H2+Ar/Pt_PbTi_1,0CuO_10%H2+Ar.xlsx",550,e5734352293d374ac9cf03fa422d2080aa2079d2d6042b04ea16b9b1f253ccf1,
BPT-Cu100_Pt_A_873K_S4,EIS,BPT-Cu100,EIS/BPT-Cu100/BPT-Cu100_Pt_A_S4_H2-Ar.xlsx,873K,data/PT_BPTC1_T600_S4_A.csv,321.0,,600.0,873.15,873.0,4.0,A,Pt,0.1,10000000.0,"Dorota 20,11,18/Pt_PbTi_1.0CuO/Pt_PbTi_1.0CuO_10%H2+Ar_600.dat",original SMaRT acquisition; cross-checked with matching Z60 export,f398961865f90736e2c45fb7dee8396429e52ec64ea44c50555c0884c59a6041,
BPT-Cu100_Pt_A_473K_S5,EIS,BPT-Cu100,EIS/BPT-Cu100/BPT-Cu100_Pt_A_S5_air-after-H2.xlsx,473K,data/PT_BPTC1_T200_S5_A.csv,321.0,,200.0,473.15,473.0,5.0,A,Pt,0.1,10000000.0,"Dorota 20,11,18/PT/PTBPT_1CuO/Pt_PbTi_1,0CuO_Air_po_10%H2+Ar/Pt_PbTi_1,0CuO_Air_po_10%H2+Ar.xlsx",200,72666072c527128aebacdb4f2da2fb78eac77bed540ff5c56deb39e25844603b,
BPT-Cu100_Pt_A_573K_S5,EIS,BPT-Cu100,EIS/BPT-Cu100/BPT-Cu100_Pt_A_S5_air-after-H2.xlsx,573K,data/PT_BPTC1_T300_S5_A.csv,321.0,,300.0,573.15,573.0,5.0,A,Pt,0.1,10000000.0,"Dorota 20,11,18/PT/PTBPT_1CuO/Pt_PbTi_1,0CuO_Air_po_10%H2+Ar/Pt_PbTi_1,0CuO_Air_po_10%H2+Ar.xlsx",300,8fd9650758e54655266694deed508e991e052ed8a242b5a0da1e5429ec1e5d55,
BPT-Cu100_Pt_A_673K_S5,EIS,BPT-Cu100,EIS/BPT-Cu100/BPT-Cu100_Pt_A_S5_air-after-H2.xlsx,673K,data/PT_BPTC1_T400_S5_A.csv,321.0,,400.0,673.15,673.0,5.0,A,Pt,0.1,10000000.0,"Dorota 20,11,18/PT/PTBPT_1CuO/Pt_PbTi_1,0CuO_Air_po_10%H2+Ar/Pt_PbTi_1,0CuO_Air_po_10%H2+Ar.xlsx",400,032a86b40f621bae1191aaef0d6ede5a0c3328b0d8f6821c8ed4ba0f6a908e8f,
BPT-Cu100_Pt_A_723K_S5,EIS,BPT-Cu100,EIS/BPT-Cu100/BPT-Cu100_Pt_A_S5_air-after-H2.xlsx,723K,data/PT_BPTC1_T450_S5_A.csv,321.0,,450.0,723.15,723.0,5.0,A,Pt,0.1,10000000.0,"Dorota 20,11,18/PT/PTBPT_1CuO/Pt_PbTi_1,0CuO_Air_po_10%H2+Ar/Pt_PbTi_1,0CuO_Air_po_10%H2+Ar.xlsx",450,c33e726a6679eca247f55d3d33c6047395847e2fd39edcb74a207b2edbbb191c,
BPT-Cu100_Pt_A_773K_S5,EIS,BPT-Cu100,EIS/BPT-Cu100/BPT-Cu100_Pt_A_S5_air-after-H2.xlsx,773K,data/PT_BPTC1_T500_S5_A.csv,293.0,,500.0,773.15,773.0,5.0,A,Pt,0.1,1995262.0,"Dorota 20,11,18/PT/PTBPT_1CuO/Pt_PbTi_1,0CuO_Air_po_10%H2+Ar/Pt_PbTi_1,0CuO_Air_po_10%H2+Ar.xlsx",500,c1297772ff055cb77567a242914b62eafa15b8ade548038c480d25f8d10b8cbf,
BPT-Cu100_Pt_A_823K_S5,EIS,BPT-Cu100,EIS/BPT-Cu100/BPT-Cu100_Pt_A_S5_air-after-H2.xlsx,823K,data/PT_BPTC1_T550_S5_A.csv,321.0,,550.0,823.15,823.0,5.0,A,Pt,0.1,10000000.0,"Dorota 20,11,18/PT/PTBPT_1CuO/Pt_PbTi_1,0CuO_Air_po_10%H2+Ar/Pt_PbTi_1,0CuO_Air_po_10%H2+Ar.xlsx",550,cce7898ca2a4b5e35f6a115ac013c427b326c58bda853d7f5bb35814c716074a,
BPT-Cu100_Pt_A_873K_S5,EIS,BPT-Cu100,EIS/BPT-Cu100/BPT-Cu100_Pt_A_S5_air-after-H2.xlsx,873K,data/PT_BPTC1_T600_S5_A.csv,251.0,,600.0,873.15,873.0,5.0,A,Pt,0.1,177828.0,"Dorota 20,11,18/PT/PTBPT_1CuO/Pt_PbTi_1,0CuO_Air_po_10%H2+Ar/Pt_PbTi_1,0CuO_Air_po_10%H2+Ar.xlsx",600,17472bd7f9c96f054e94bd1427b0726b5b5037c299c7d6fd063421d4c42a6743,
BPT-Cu300_Pt_A_473K_S1,EIS,BPT-Cu300,EIS/BPT-Cu300/BPT-Cu300_Pt_A_S1_air.xlsx,473K,data/PT_BPTC3_T200_S1_A.csv,321.0,,200.0,473.15,473.0,1.0,A,Pt,0.1,10000000.0,"Dorota 20,11,18/PT/PTBPT_3CuO/Pt_PbTi_3,0CuO_Air/Pt_PbTi_13,0CuO_Air.xlsx",200,2700f138ab550e27f381738778126fb7470e0a6a3715b1febf3ea0c07d73a56b,
BPT-Cu300_Pt_A_573K_S1,EIS,BPT-Cu300,EIS/BPT-Cu300/BPT-Cu300_Pt_A_S1_air.xlsx,573K,data/PT_BPTC3_T300_S1_A.csv,321.0,,300.0,573.15,573.0,1.0,A,Pt,0.1,10000000.0,"Dorota 20,11,18/PT/PTBPT_3CuO/Pt_PbTi_3,0CuO_Air/Pt_PbTi_13,0CuO_Air.xlsx",300,37203a7ac4f0cd7b551509da999b2cc4f736e35eca837160d2b4ddf7e148bae9,
BPT-Cu300_Pt_A_673K_S1,EIS,BPT-Cu300,EIS/BPT-Cu300/BPT-Cu300_Pt_A_S1_air.xlsx,673K,data/PT_BPTC3_T400_S1_A.csv,321.0,,400.0,673.15,673.0,1.0,A,Pt,0.1,10000000.0,"Dorota 20,11,18/PT/PTBPT_3CuO/Pt_PbTi_3,0CuO_Air/Pt_PbTi_13,0CuO_Air.xlsx",400,ff80028dc9cf6cb814193a3c520980c19c29be3c2abaa23a0294f44f1f355123,
BPT-Cu300_Pt_A_723K_S1,EIS,BPT-Cu300,EIS/BPT-Cu300/BPT-Cu300_Pt_A_S1_air.xlsx,723K,data/PT_BPTC3_T450_S1_A.csv,321.0,,450.0,723.15,723.0,1.0,A,Pt,0.1,10000000.0,"Dorota 20,11,18/PT/PTBPT_3CuO/Pt_PbTi_3,0CuO_Air/Pt_PbTi_13,0CuO_Air.xlsx",450,9a0a76e66c8e044c9a92f200a9acdc14556fc86fa806aa2babec6a45f5c81e79,
BPT-Cu300_Pt_A_773K_S1,EIS,BPT-Cu300,EIS/BPT-Cu300/BPT-Cu300_Pt_A_S1_air.xlsx,773K,data/PT_BPTC3_T500_S1_A.csv,321.0,,500.0,773.15,773.0,1.0,A,Pt,0.1,10000000.0,"Dorota 20,11,18/PT/PTBPT_3CuO/Pt_PbTi_3,0CuO_Air/Pt_PbTi_13,0CuO_Air.xlsx",500,643ddd3da8c6ec26eb574f979a7b408debf08ea04fe629082203bfa6d2057390,
BPT-Cu300_Pt_A_823K_S1,EIS,BPT-Cu300,EIS/BPT-Cu300/BPT-Cu300_Pt_A_S1_air.xlsx,823K,data/PT_BPTC3_T550_S1_A.csv,321.0,,550.0,823.15,823.0,1.0,A,Pt,0.1,10000000.0,"Dorota 20,11,18/PT/PTBPT_3CuO/Pt_PbTi_3,0CuO_Air/Pt_PbTi_13,0CuO_Air.xlsx",550 ,47325f9bdac16b4a47c5ea632dc67c68823bd3e690390ef5d24af1287382209a,
BPT-Cu300_Pt_A_873K_S1,EIS,BPT-Cu300,EIS/BPT-Cu300/BPT-Cu300_Pt_A_S1_air.xlsx,873K,data/PT_BPTC3_T600_S1_A.csv,310.0,,600.0,873.15,873.0,1.0,A,Pt,0.1,10000000.0,"Dorota 20,11,18/PT/PTBPT_3CuO/Pt_PbTi_3,0CuO_Air/Pt_PbTi_13,0CuO_Air.xlsx",600,7fc731ae966b6ef9ad4dc108435d00187d5630ca057c2da466dda9171df0693e,
BPT-Cu300_Pt_A_473K_S2,EIS,BPT-Cu300,EIS/BPT-Cu300/BPT-Cu300_Pt_A_S2_NH3-Ar.xlsx,473K,data/PT_BPTC3_T200_S2_A.csv,321.0,,200.0,473.15,473.0,2.0,A,Pt,0.1,10000000.0,"Dorota 20,11,18/PT/PTBPT_3CuO/Pt_PbTi_3,0CuO_NH3/Pt_PbTi_13,0CuO_NH3.xlsx",200,9d9a51d929eed419377853999687271f5d3fd73d85d57f885fc56fdbb906516e,
BPT-Cu300_Pt_A_573K_S2,EIS,BPT-Cu300,EIS/BPT-Cu300/BPT-Cu300_Pt_A_S2_NH3-Ar.xlsx,573K,data/PT_BPTC3_T300_S2_A.csv,321.0,,300.0,573.15,573.0,2.0,A,Pt,0.1,10000000.0,"Dorota 20,11,18/PT/PTBPT_3CuO/Pt_PbTi_3,0CuO_NH3/Pt_PbTi_13,0CuO_NH3.xlsx",300,108f1d4e0f2765f96fefedc17a865fea2169a0e74ac7eeea80ca87568a42cda4,
BPT-Cu300_Pt_A_673K_S2,EIS,BPT-Cu300,EIS/BPT-Cu300/BPT-Cu300_Pt_A_S2_NH3-Ar.xlsx,673K,data/PT_BPTC3_T400_S2_A.csv,321.0,,400.0,673.15,673.0,2.0,A,Pt,0.1,10000000.0,"Dorota 20,11,18/PT/PTBPT_3CuO/Pt_PbTi_3,0CuO_NH3/Pt_PbTi_13,0CuO_NH3.xlsx",400,802ea6c2bd2c482c2de249c57415ef0cf7dd8f8df770f6c893e6fb12d5dd0e31,
BPT-Cu300_Pt_A_723K_S2,EIS,BPT-Cu300,EIS/BPT-Cu300/BPT-Cu300_Pt_A_S2_NH3-Ar.xlsx,723K,data/PT_BPTC3_T450_S2_A.csv,321.0,,450.0,723.15,723.0,2.0,A,Pt,0.1,10000000.0,"Dorota 20,11,18/PT/PTBPT_3CuO/Pt_PbTi_3,0CuO_NH3/Pt_PbTi_13,0CuO_NH3.xlsx",450,022b5730600909aab57ed2d55dc3e9d670be54b30351880274e0d27641dbeae2,
BPT-Cu300_Pt_A_773K_S2,EIS,BPT-Cu300,EIS/BPT-Cu300/BPT-Cu300_Pt_A_S2_NH3-Ar.xlsx,773K,data/PT_BPTC3_T500_S2_A.csv,321.0,,500.0,773.15,773.0,2.0,A,Pt,0.1,10000000.0,"Dorota 20,11,18/PT/PTBPT_3CuO/Pt_PbTi_3,0CuO_NH3/Pt_PbTi_13,0CuO_NH3.xlsx",500,80af483a52af0cced07e0e29e157688c0c89f27cf8f43e31875c677702d09f09,
BPT-Cu300_Pt_A_823K_S2,EIS,BPT-Cu300,EIS/BPT-Cu300/BPT-Cu300_Pt_A_S2_NH3-Ar.xlsx,823K,data/PT_BPTC3_T550_S2_A.csv,321.0,,550.0,823.15,823.0,2.0,A,Pt,0.1,10000000.0,"Dorota 20,11,18/PT/PTBPT_3CuO/Pt_PbTi_3,0CuO_NH3/Pt_PbTi_13,0CuO_NH3.xlsx",550,a26f800ff9344baa5090191eac635b3e2af896b19c1290b14b6791854ca96505,
BPT-Cu300_Pt_A_873K_S2,EIS,BPT-Cu300,EIS/BPT-Cu300/BPT-Cu300_Pt_A_S2_NH3-Ar.xlsx,873K,data/PT_BPTC3_T600_S2_A.csv,321.0,,600.0,873.15,873.0,2.0,A,Pt,0.1,10000000.0,"Dorota 20,11,18/PT/PTBPT_3CuO/Pt_PbTi_3,0CuO_NH3/Pt_PbTi_13,0CuO_NH3.xlsx",600,54e240f5289865d3a6703f5213e1434e28a9f49906bc5ab2cd4df05bd0c3d736,
BPT-Cu300_Pt_A_473K_S3,EIS,BPT-Cu300,EIS/BPT-Cu300/BPT-Cu300_Pt_A_S3_air-after-NH3.xlsx,473K,data/PT_BPTC3_T200_S3_A.csv,321.0,,200.0,473.15,473.0,3.0,A,Pt,0.1,10000000.0,"Dorota 20,11,18/PT/PTBPT_3CuO/Pt_PbTi_3,0CuO_Air_po_NH3/Pt_PbTi_13,0_Air_po_CuO_NH3.xlsx",200,f213b0d88dc797c2fe91ffe64b87d7100e5cebf05f0cd9b6b5e3b0ab0bbb8792,
BPT-Cu300_Pt_A_573K_S3,EIS,BPT-Cu300,EIS/BPT-Cu300/BPT-Cu300_Pt_A_S3_air-after-NH3.xlsx,573K,data/PT_BPTC3_T300_S3_A.csv,321.0,,300.0,573.15,573.0,3.0,A,Pt,0.1,10000000.0,"Dorota 20,11,18/PT/PTBPT_3CuO/zrobione/pt_pbti_3.0cuo_air_po_nh3_300.z60",raw ZPlot modified export,980755099a4c650d555a971733c622ef1cfb008c17882b0a5984a1624071241d,
BPT-Cu300_Pt_A_673K_S3,EIS,BPT-Cu300,EIS/BPT-Cu300/BPT-Cu300_Pt_A_S3_air-after-NH3.xlsx,673K,data/PT_BPTC3_T400_S3_A.csv,321.0,,400.0,673.15,673.0,3.0,A,Pt,0.1,10000000.0,"Dorota 20,11,18/PT/PTBPT_3CuO/Pt_PbTi_3,0CuO_Air_po_NH3/Pt_PbTi_13,0_Air_po_CuO_NH3.xlsx",400,265ae0bcaaad3f2d6f59b2b8d47c9b5e6528d497521c13e9ad62f4e43cc1a7fb,
BPT-Cu300_Pt_A_723K_S3,EIS,BPT-Cu300,EIS/BPT-Cu300/BPT-Cu300_Pt_A_S3_air-after-NH3.xlsx,723K,data/PT_BPTC3_T450_S3_A.csv,321.0,,450.0,723.15,723.0,3.0,A,Pt,0.1,10000000.0,"Dorota 20,11,18/PT/PTBPT_3CuO/Pt_PbTi_3,0CuO_Air_po_NH3/Pt_PbTi_13,0_Air_po_CuO_NH3.xlsx",450,018293e75695220ce294a5832b210b0033f8964751477c9785a52de15b46eb69,
BPT-Cu300_Pt_A_773K_S3,EIS,BPT-Cu300,EIS/BPT-Cu300/BPT-Cu300_Pt_A_S3_air-after-NH3.xlsx,773K,data/PT_BPTC3_T500_S3_A.csv,321.0,,500.0,773.15,773.0,3.0,A,Pt,0.1,10000000.0,"Dorota 20,11,18/PT/PTBPT_3CuO/Pt_PbTi_3,0CuO_Air_po_NH3/Pt_PbTi_13,0_Air_po_CuO_NH3.xlsx",500,0dd52f54d8677b53df1fc486ec652e02ce42daffe3b5c3d6c3f3f092011e3f97,
BPT-Cu300_Pt_A_823K_S3,EIS,BPT-Cu300,EIS/BPT-Cu300/BPT-Cu300_Pt_A_S3_air-after-NH3.xlsx,823K,data/PT_BPTC3_T550_S3_A.csv,321.0,,550.0,823.15,823.0,3.0,A,Pt,0.1,10000000.0,"Dorota 20,11,18/PT/PTBPT_3CuO/Pt_PbTi_3,0CuO_Air_po_NH3/Pt_PbTi_13,0_Air_po_CuO_NH3.xlsx",550,8b123a685852bf9cf9f99125b05810b1de0bc59d53b27d0c294860cfa97e0192,
BPT-Cu300_Pt_A_873K_S3,EIS,BPT-Cu300,EIS/BPT-Cu300/BPT-Cu300_Pt_A_S3_air-after-NH3.xlsx,873K,data/PT_BPTC3_T600_S3_A.csv,321.0,,600.0,873.15,873.0,3.0,A,Pt,0.1,10000000.0,"Dorota 20,11,18/PT/PTBPT_3CuO/zrobione/pt_pbti_3.0cuo_air_po_nh3_600.z60",raw ZPlot modified export,db081a2ca3749e3f0b93d79173881a6fc9357f7969fdc2861e972f0a7f7e1b63,
BPT-Cu300_Pt_A_473K_S4,EIS,BPT-Cu300,EIS/BPT-Cu300/BPT-Cu300_Pt_A_S4_H2-Ar.xlsx,473K,data/PT_BPTC3_T200_S4_A.csv,321.0,,200.0,473.15,473.0,4.0,A,Pt,0.1,10000000.0,"Dorota 20,11,18/PT/PTBPT_3CuO/pt_pbti_3.0cuo_10%h2+ar/pt_pbti_3.0cuo_10%h2+ar.xlsx",200,644a797f1fa44835b41dde3c6da267eb5fed1a5bc8426a26974b9dadfeb4b6e0,
BPT-Cu300_Pt_A_573K_S4,EIS,BPT-Cu300,EIS/BPT-Cu300/BPT-Cu300_Pt_A_S4_H2-Ar.xlsx,573K,data/PT_BPTC3_T300_S4_A.csv,321.0,,300.0,573.15,573.0,4.0,A,Pt,0.1,10000000.0,"Dorota 20,11,18/PT/PTBPT_3CuO/pt_pbti_3.0cuo_10%h2+ar/pt_pbti_3.0cuo_10%h2+ar.xlsx",300,5ea3a3561eac7b55ba9d2a7437d7be07a0c6dc096d196dea96ba1604c724d174,
BPT-Cu300_Pt_A_673K_S4,EIS,BPT-Cu300,EIS/BPT-Cu300/BPT-Cu300_Pt_A_S4_H2-Ar.xlsx,673K,data/PT_BPTC3_T400_S4_A.csv,321.0,,400.0,673.15,673.0,4.0,A,Pt,0.1,10000000.0,"Dorota 20,11,18/PT/PTBPT_3CuO/pt_pbti_3.0cuo_10%h2+ar/pt_pbti_3.0cuo_10%h2+ar.xlsx",400,95ef3c38e502ab654d945a6346a98323c2f0979a27380279e1c0ed215548f7a6,
BPT-Cu300_Pt_A_723K_S4,EIS,BPT-Cu300,EIS/BPT-Cu300/BPT-Cu300_Pt_A_S4_H2-Ar.xlsx,723K,data/PT_BPTC3_T450_S4_A.csv,321.0,,450.0,723.15,723.0,4.0,A,Pt,0.1,10000000.0,"Dorota 20,11,18/PT/PTBPT_3CuO/pt_pbti_3.0cuo_10%h2+ar/pt_pbti_3.0cuo_10%h2+ar.xlsx",450,4bbbc41fefb0b145518aaf15404ef45b1687024c5c005be71ac42481a09252ce,
BPT-Cu300_Pt_A_773K_S4,EIS,BPT-Cu300,EIS/BPT-Cu300/BPT-Cu300_Pt_A_S4_H2-Ar.xlsx,773K,data/PT_BPTC3_T500_S4_A.csv,321.0,,500.0,773.15,773.0,4.0,A,Pt,0.1,10000000.0,"Dorota 20,11,18/PT/PTBPT_3CuO/pt_pbti_3.0cuo_10%h2+ar/pt_pbti_3.0cuo_10%h2+ar.xlsx",500,989a8cffa324f90cf4fe8416a0e542a2ec10a5df0e353e38e41cb50d8def10c6,
BPT-Cu300_Pt_A_823K_S4,EIS,BPT-Cu300,EIS/BPT-Cu300/BPT-Cu300_Pt_A_S4_H2-Ar.xlsx,823K,data/PT_BPTC3_T550_S4_A.csv,321.0,,550.0,823.15,823.0,4.0,A,Pt,0.1,10000000.0,"Dorota 20,11,18/PT/PTBPT_3CuO/pt_pbti_3.0cuo_10%h2+ar/pt_pbti_3.0cuo_10%h2+ar.xlsx",550,8eacb97f05cc1b0c9445e075c7f3f4e28b8718be30091cdca2b8cfd1c72aa291,
BPT-Cu300_Pt_A_873K_S4,EIS,BPT-Cu300,EIS/BPT-Cu300/BPT-Cu300_Pt_A_S4_H2-Ar.xlsx,873K,data/PT_BPTC3_T600_S4_A.csv,321.0,,600.0,873.15,873.0,4.0,A,Pt,0.1,10000000.0,"Dorota 20,11,18/PT/PTBPT_3CuO/pt_pbti_3.0cuo_10%h2+ar/pt_pbti_3.0cuo_10%h2+ar.xlsx",600,d5b900733d7ef647f59a6c61d85094937e6613159a8b0d852d3168578f93207f,
BPT-Cu300_Pt_A_473K_S5,EIS,BPT-Cu300,EIS/BPT-Cu300/BPT-Cu300_Pt_A_S5_air-after-H2.xlsx,473K,data/PT_BPTC3_T200_S5_A.csv,319.0,,200.0,473.15,473.0,5.0,A,Pt,0.1,10000000.0,"Dorota 20,11,18/PT/PTBPT_3CuO/pt_pbti_3.0cuo_Air_po_10%h2+Ar/pt_pbti_3.0cuo_air_po_10%h2+ar.xlsx",200,d461ae8ba6a1fa9319097f8eee6f4cfa661cfe5ef2a674a0e183567cbd9dd67a,
BPT-Cu300_Pt_A_573K_S5,EIS,BPT-Cu300,EIS/BPT-Cu300/BPT-Cu300_Pt_A_S5_air-after-H2.xlsx,573K,data/PT_BPTC3_T300_S5_A.csv,321.0,,300.0,573.15,573.0,5.0,A,Pt,0.1,10000000.0,"Dorota 20,11,18/PT/PTBPT_3CuO/pt_pbti_3.0cuo_Air_po_10%h2+Ar/pt_pbti_3.0cuo_air_po_10%h2+ar.xlsx",300,46aa4b5a048303df9996d8541777e48f6eeef3fe6bdb11444b394deba32ebd32,
BPT-Cu300_Pt_A_673K_S5,EIS,BPT-Cu300,EIS/BPT-Cu300/BPT-Cu300_Pt_A_S5_air-after-H2.xlsx,673K,data/PT_BPTC3_T400_S5_A.csv,321.0,,400.0,673.15,673.0,5.0,A,Pt,0.1,10000000.0,"Dorota 20,11,18/PT/PTBPT_3CuO/pt_pbti_3.0cuo_Air_po_10%h2+Ar/pt_pbti_3.0cuo_air_po_10%h2+ar.xlsx",400,de75b5ae6d755d65bd3996d9c11732f0c2136c4f39f27a440cc7d91d5847d3a1,
BPT-Cu300_Pt_A_723K_S5,EIS,BPT-Cu300,EIS/BPT-Cu300/BPT-Cu300_Pt_A_S5_air-after-H2.xlsx,723K,data/PT_BPTC3_T450_S5_A.csv,321.0,,450.0,723.15,723.0,5.0,A,Pt,0.1,10000000.0,"Dorota 20,11,18/PT/PTBPT_3CuO/pt_pbti_3.0cuo_Air_po_10%h2+Ar/pt_pbti_3.0cuo_air_po_10%h2+ar.xlsx",450,9d099e285db8f57b6d54debf3776fce1592e1886f059635b5e4dd4169014ebff,
BPT-Cu300_Pt_A_773K_S5,EIS,BPT-Cu300,EIS/BPT-Cu300/BPT-Cu300_Pt_A_S5_air-after-H2.xlsx,773K,data/PT_BPTC3_T500_S5_A.csv,321.0,,500.0,773.15,773.0,5.0,A,Pt,0.1,10000000.0,"Dorota 20,11,18/PT/PTBPT_3CuO/pt_pbti_3.0cuo_Air_po_10%h2+Ar/pt_pbti_3.0cuo_air_po_10%h2+ar.xlsx",500,5091e8288ea049a3c478994c1dee34da8c3eab57480a46b824a65dd197729e7b,
BPT-Cu300_Pt_A_823K_S5,EIS,BPT-Cu300,EIS/BPT-Cu300/BPT-Cu300_Pt_A_S5_air-after-H2.xlsx,823K,data/PT_BPTC3_T550_S5_A.csv,321.0,,550.0,823.15,823.0,5.0,A,Pt,0.1,10000000.0,"Dorota 20,11,18/PT/PTBPT_3CuO/pt_pbti_3.0cuo_Air_po_10%h2+Ar/pt_pbti_3.0cuo_air_po_10%h2+ar.xlsx",550,af7775f697750a8db158c81a5f7b949c1e5d5d5869e7548aa7817ff5f05dd084,
BPT-Cu300_Pt_A_873K_S5,EIS,BPT-Cu300,EIS/BPT-Cu300/BPT-Cu300_Pt_A_S5_air-after-H2.xlsx,873K,data/PT_BPTC3_T600_S5_A.csv,321.0,,600.0,873.15,873.0,5.0,A,Pt,0.1,10000000.0,"Dorota 20,11,18/PT/PTBPT_3CuO/pt_pbti_3.0cuo_Air_po_10%h2+Ar/pt_pbti_3.0cuo_air_po_10%h2+ar.xlsx",600,687108f55fdc49ab27824e5efa7ced4f58282b4ae90ae345db8a7553984ab5e5,
BPT_XRD,XRD,BPT,XRD/BPT_XRD.xlsx,XRD,XRD_RECOVERED_PROFILES.csv,3126.0,,,,,,,,,,,,,Unscaled numerical profiles retained from the recovered source export; original instrument export not included in the available source set.
BPT-Cu005_XRD,XRD,BPT-Cu005,XRD/BPT-Cu005_XRD.xlsx,XRD,XRD_RECOVERED_PROFILES.csv,3126.0,,,,,,,,,,,,,Unscaled numerical profiles retained from the recovered source export; original instrument export not included in the available source set.
BPT-Cu010_XRD,XRD,BPT-Cu010,XRD/BPT-Cu010_XRD.xlsx,XRD,XRD_RECOVERED_PROFILES.csv,3126.0,,,,,,,,,,,,,Unscaled numerical profiles retained from the recovered source export; original instrument export not included in the available source set.
BPT-Cu100_XRD,XRD,BPT-Cu100,XRD/BPT-Cu100_XRD.xlsx,XRD,XRD_RECOVERED_PROFILES.csv,3126.0,,,,,,,,,,,,,Unscaled numerical profiles retained from the recovered source export; original instrument export not included in the available source set.
BPT-Cu300_XRD,XRD,BPT-Cu300,XRD/BPT-Cu300_XRD.xlsx,XRD,XRD_RECOVERED_PROFILES.csv,3126.0,,,,,,,,,,,,,Unscaled numerical profiles retained from the recovered source export; original instrument export not included in the available source set.
